name;device;address;datatype;rawmin;rawmax;engmin;engmax;unit;format;description;alarmoptions;trendoptions;alarmoption;trendoption
 _CMD_ ;AS01; _CMD_ _CMD;BOOL;;;;;;;;;;;
 _CMD_ ;AS01; _CMD_ _CMD;BOOL;;;;;;;;;;;
 _V0_ ;AS01; _V0_ _V;BOOL;;;;;;;;;;;
 _V0_ ;AS01; _V0_ _V0;BOOL;;;;;;;;;;;
 _V0_ ;AS01; _V0_ _V;BOOL;;;;;;;;;;;
 _V0_ ;AS01; _V0_ _V0;BOOL;;;;;;;;;;;
 _V1_ ;AS01; _V1_ _V;BOOL;;;;;;;;;;;
 _V1_ ;AS01; _V1_ _V1;BOOL;;;;;;;;;;;
 _V1_ ;AS01; _V1_ _V;BOOL;;;;;;;;;;;
 _V1_ ;AS01; _V1_ _V1;BOOL;;;;;;;;;;;
 _TXT_ ;AS01; _TXT_ _TXT;BOOL;;;;;;;;;;;
 _TXT_ ;AS01; _TXT_ _TXT;BOOL;;;;;;;;;;;
 LA1_OMK1_V ;AS01; LA1_OMK1_OverrideSwitch _V;BOOL;;;;;;;Tillåt start;;;;
 LA1_OMK1_AUT ;AS01; LA1_OMK1_OverrideSwitch _AUT;BOOL;;;;;;;0 = OFF, 1 = ON, 2 = AUT;;;;
 LA1_OMK1_V ;AS01; LA1_OMK1_OverrideSwitch _V;BOOL;;;;;;;Tillåt start;;;;
 LA1_OMK1_AUT ;AS01; LA1_OMK1_OverrideSwitch _AUT;BOOL;;;;;;;0 = OFF, 1 = ON, 2 = AUT;;;;
 LA1_OMK1_V3 ;AS01; LA1_OMK1_AlarmTimer _V3;BOOL;;;;;;;Larmindikering;;;;
 LA1_OMK1_AD ;AS01; LA1_OMK1_AlarmTimer _AD;BOOL;;;;;s;;Larmfördröjning;;;;
 LA1_OMK1_V3 ;AS01; LA1_OMK1_AlarmTimer _V3;BOOL;;;;;;;Larmindikering;;;;
 LA1_OMK1_AD ;AS01; LA1_OMK1_AlarmTimer _AD;BOOL;;;;;s;;Larmfördröjning;;;;
 LA1_AGGREGAT_CMD ;AS01; LA1_AGGREGAT_CMD _CMD;BOOL;;;;;;;;;;;
 LA1_AGGREGAT_CMD ;AS01; LA1_AGGREGAT_CMD _CMD;BOOL;;;;;;;;;;;
 LA1_TC1_CMD ;AS01; LA1_TC1_ScheduleWeekdays _CMD;BOOL;;;;;;;Tidkanal aktiv;;;;
 LA1_TC1_AUT ;AS01; LA1_TC1_ScheduleWeekdays _AUT;BOOL;;;;;;;0 = OFF, 1 = ON, 2 = AUT;;;;
 LA1_TC1_AL5 ;AS01; LA1_TC1_ScheduleWeekdays _AL5;BOOL;;;;;;;Handställningslarm;;;p:C;
 LA1_TC1_CMD ;AS01; LA1_TC1_ScheduleWeekdays _CMD;BOOL;;;;;;;Tidkanal aktiv;;;;
 LA1_TC1_AUT ;AS01; LA1_TC1_ScheduleWeekdays _AUT;BOOL;;;;;;;0 = OFF, 1 = ON, 2 = AUT;;;;
 LA1_TC1_AL5 ;AS01; LA1_TC1_ScheduleWeekdays _AL5;BOOL;;;;;;;Handställningslarm;;;p:C;
 LA1_GX71_GX72_V3 ;AS01; LA1_GX71_GX72_AlarmTimer _V3;BOOL;;;;;;;Larmindikering;;;;
 LA1_GX71_GX72_AD ;AS01; LA1_GX71_GX72_AlarmTimer _AD;BOOL;;;;;s;;Larmfördröjning;;;;
 LA1_GX71_GX72_V3 ;AS01; LA1_GX71_GX72_AlarmTimer _V3;BOOL;;;;;;;Larmindikering;;;;
 LA1_GX71_GX72_AD ;AS01; LA1_GX71_GX72_AlarmTimer _AD;BOOL;;;;;s;;Larmfördröjning;;;;
 LA1_GX71S_GX72S_V3 ;AS01; LA1_GX71S_GX72S_AlarmTimer _V3;BOOL;;;;;;;Larmindikering;;;;
 LA1_GX71S_GX72S_AD ;AS01; LA1_GX71S_GX72S_AlarmTimer _AD;BOOL;;;;;s;;Larmfördröjning;;;;
 LA1_GX71S_GX72S_V3 ;AS01; LA1_GX71S_GX72S_AlarmTimer _V3;BOOL;;;;;;;Larmindikering;;;;
 LA1_GX71S_GX72S_AD ;AS01; LA1_GX71S_GX72S_AlarmTimer _AD;BOOL;;;;;s;;Larmfördröjning;;;;
 LA1_AF1_V3 ;AS01; LA1_AF1_AlarmTimer _V3;BOOL;;;;;;;Larmindikering;;;;
 LA1_AF1_AD ;AS01; LA1_AF1_AlarmTimer _AD;BOOL;;;;;s;;Larmfördröjning;;;;
 LA1_AF1_V3 ;AS01; LA1_AF1_AlarmTimer _V3;BOOL;;;;;;;Larmindikering;;;;
 LA1_AF1_AD ;AS01; LA1_AF1_AlarmTimer _AD;BOOL;;;;;s;;Larmfördröjning;;;;
 LA1_NC_V ;AS01; LA1_NC_NightCool _V;BOOL;;;;;;;Nattkyla aktiv;;;;
 LA1_NC_V3 ;AS01; LA1_NC_NightCool _V3;BOOL;;;;;;;Nattkylablockering aktiv;;;;
 LA1_NC_V ;AS01; LA1_NC_NightCool _V;BOOL;;;;;;;Nattkyla aktiv;;;;
 LA1_NC_V3 ;AS01; LA1_NC_NightCool _V3;BOOL;;;;;;;Nattkylablockering aktiv;;;;
 LA1_ST21_CMD ;AS01; LA1_ST21_DigitalDamper _CMD;BOOL;;;;;;;Startorder;;;;
 LA1_ST21_CMD ;AS01; LA1_ST21_DigitalDamper _CMD;BOOL;;;;;;;Startorder;;;;
 LA1_SV21_OP ;AS01; LA1_SV21_AnalogValve _OP;BOOL;;;;;%;0;Utsignal;;;;
 LA1_SV21_OPM ;AS01; LA1_SV21_AnalogValve _OPM;BOOL;;;;;%;0;Manuell utsignal;;;;
 LA1_SV21_AUT ;AS01; LA1_SV21_AnalogValve _AUT;BOOL;;;;;;;0 = OFF, 1 = ON, 2 = AUT;;;;
 LA1_SV21_OP ;AS01; LA1_SV21_AnalogValve _OP;BOOL;;;;;%;0;Utsignal;;;;
 LA1_SV21_OPM ;AS01; LA1_SV21_AnalogValve _OPM;BOOL;;;;;%;0;Manuell utsignal;;;;
 LA1_SV21_AUT ;AS01; LA1_SV21_AnalogValve _AUT;BOOL;;;;;;;0 = OFF, 1 = ON, 2 = AUT;;;;
 LA1_SV11_OP ;AS01; LA1_SV11_AnalogValve _OP;BOOL;;;;;%;0;Utsignal;;;;
 LA1_SV11_OPM ;AS01; LA1_SV11_AnalogValve _OPM;BOOL;;;;;%;0;Manuell utsignal;;;;
 LA1_SV11_AUT ;AS01; LA1_SV11_AnalogValve _AUT;BOOL;;;;;;;0 = OFF, 1 = ON, 2 = AUT;;;;
 LA1_SV11_OP ;AS01; LA1_SV11_AnalogValve _OP;BOOL;;;;;%;0;Utsignal;;;;
 LA1_SV11_OPM ;AS01; LA1_SV11_AnalogValve _OPM;BOOL;;;;;%;0;Manuell utsignal;;;;
 LA1_SV11_AUT ;AS01; LA1_SV11_AnalogValve _AUT;BOOL;;;;;;;0 = OFF, 1 = ON, 2 = AUT;;;;
 LA1_P1_CMD ;AS01; LA1_P1_DigitalCirculationPump _CMD;BOOL;;;;;;;Startorder;;;;
 LA1_P1_V ;AS01; LA1_P1_DigitalCirculationPump _V;BOOL;;;;;;;Driftindikering;;;;
 LA1_P1_AUT ;AS01; LA1_P1_DigitalCirculationPump _AUT;BOOL;;;;;;;0 = OFF, 1 = ON, 2 = AUT;;;;
 LA1_P1_AL5 ;AS01; LA1_P1_DigitalCirculationPump _AL5;BOOL;;;;;;;Handställningslarm;;;p:C;
 LA1_P1_V8 ;AS01; LA1_P1_DigitalCirculationPump _V8;BOOL;;;;;;;Pumpmotion aktiv;;;;
 LA1_P1_DigitalCirculationPump ;AS01; LA1_P1_DigitalCirculationPump _P;BOOL;;;;;;;;;;;
 LA1_P1_CMD ;AS01; LA1_P1_DigitalCirculationPump _CMD;BOOL;;;;;;;Startorder;;;;
 LA1_P1_V ;AS01; LA1_P1_DigitalCirculationPump _V;BOOL;;;;;;;Driftindikering;;;;
 LA1_P1_AUT ;AS01; LA1_P1_DigitalCirculationPump _AUT;BOOL;;;;;;;0 = OFF, 1 = ON, 2 = AUT;;;;
 LA1_P1_AL5 ;AS01; LA1_P1_DigitalCirculationPump _AL5;BOOL;;;;;;;Handställningslarm;;;p:C;
 LA1_P1_V8 ;AS01; LA1_P1_DigitalCirculationPump _V8;BOOL;;;;;;;Pumpmotion aktiv;;;;
 LA1_P1_DigitalCirculationPump ;AS01; LA1_P1_DigitalCirculationPump _P;BOOL;;;;;;;;;;;
 LA1_P2_CMD ;AS01; LA1_P2_AnalogCirculationPump _CMD;BOOL;;;;;;;Startorder;;;;
 LA1_P2_V ;AS01; LA1_P2_AnalogCirculationPump _V;BOOL;;;;;;;Driftindikering;;;;
 LA1_P2_AUT ;AS01; LA1_P2_AnalogCirculationPump _AUT;BOOL;;;;;;;0 = OFF, 1 = ON, 2 = AUT;;;;
 LA1_P2_OP ;AS01; LA1_P2_AnalogCirculationPump _OP;BOOL;;;;;%;0;Utsignal;;;;
 LA1_P2_OPM ;AS01; LA1_P2_AnalogCirculationPump _OPM;BOOL;;;;;%;0;Manuell utsignal;;;;
 LA1_P2_V8 ;AS01; LA1_P2_AnalogCirculationPump _V8;BOOL;;;;;;;Pumpmotion aktiv;;;;
 LA1_P2_AL5 ;AS01; LA1_P2_AnalogCirculationPump _AL5;BOOL;;;;;;;Handställningslarm;;;p:C;
 LA1_P2_AnalogCirculationPump ;AS01; LA1_P2_AnalogCirculationPump _P;BOOL;;;;;;;;;;;
 LA1_P3_CMD ;AS01; LA1_P3_DigitalCirculationPump _CMD;BOOL;;;;;;;Startorder;;;;
 LA1_P3_V ;AS01; LA1_P3_DigitalCirculationPump _V;BOOL;;;;;;;Driftindikering;;;;
 LA1_P3_AUT ;AS01; LA1_P3_DigitalCirculationPump _AUT;BOOL;;;;;;;0 = OFF, 1 = ON, 2 = AUT;;;;
 LA1_P3_AL5 ;AS01; LA1_P3_DigitalCirculationPump _AL5;BOOL;;;;;;;Handställningslarm;;;p:C;
 LA1_P3_V8 ;AS01; LA1_P3_DigitalCirculationPump _V8;BOOL;;;;;;;Pumpmotion aktiv;;;;
 LA1_P3_DigitalCirculationPump ;AS01; LA1_P3_DigitalCirculationPump _P;BOOL;;;;;;;;;;;
 LA1_P3_CMD ;AS01; LA1_P3_DigitalCirculationPump _CMD;BOOL;;;;;;;Startorder;;;;
 LA1_P3_V ;AS01; LA1_P3_DigitalCirculationPump _V;BOOL;;;;;;;Driftindikering;;;;
 LA1_P3_AUT ;AS01; LA1_P3_DigitalCirculationPump _AUT;BOOL;;;;;;;0 = OFF, 1 = ON, 2 = AUT;;;;
 LA1_P3_AL5 ;AS01; LA1_P3_DigitalCirculationPump _AL5;BOOL;;;;;;;Handställningslarm;;;p:C;
 LA1_P3_V8 ;AS01; LA1_P3_DigitalCirculationPump _V8;BOOL;;;;;;;Pumpmotion aktiv;;;;
 LA1_P3_DigitalCirculationPump ;AS01; LA1_P3_DigitalCirculationPump _P;BOOL;;;;;;;;;;;
 LA1_FF1_CMD ;AS01; LA1_FF1_AnalogAirHandlingFan _CMD;BOOL;;;;;;;Startorder;;;;
 LA1_FF1_V ;AS01; LA1_FF1_AnalogAirHandlingFan _V;BOOL;;;;;;;Driftindikering;;;;
 LA1_FF1_AUT ;AS01; LA1_FF1_AnalogAirHandlingFan _AUT;BOOL;;;;;;;0 = OFF, 1 = ON, 2 = AUT;;;;
 LA1_FF1_OP ;AS01; LA1_FF1_AnalogAirHandlingFan _OP;BOOL;;;;;"%"";0""";Utsignal;;;;;
 LA1_FF1_OPM ;AS01; LA1_FF1_AnalogAirHandlingFan _OPM;BOOL;;;;;%;0;Manuell utsignal;;;;
 LA1_FF1_AL5 ;AS01; LA1_FF1_AnalogAirHandlingFan _AL5;BOOL;;;;;;;Handställningslarm;;;p:C;
 LA1_FF1_CMD ;AS01; LA1_FF1_AnalogAirHandlingFan _CMD;BOOL;;;;;;;Startorder;;;;
 LA1_FF1_V ;AS01; LA1_FF1_AnalogAirHandlingFan _V;BOOL;;;;;;;Driftindikering;;;;
 LA1_FF1_AUT ;AS01; LA1_FF1_AnalogAirHandlingFan _AUT;BOOL;;;;;;;0 = OFF, 1 = ON, 2 = AUT;;;;
 LA1_FF1_OP ;AS01; LA1_FF1_AnalogAirHandlingFan _OP;BOOL;;;;;"%"";0""";Utsignal;;;;;
 LA1_FF1_OPM ;AS01; LA1_FF1_AnalogAirHandlingFan _OPM;BOOL;;;;;%;0;Manuell utsignal;;;;
 LA1_FF1_AL5 ;AS01; LA1_FF1_AnalogAirHandlingFan _AL5;BOOL;;;;;;;Handställningslarm;;;p:C;
 LA1_TF1_CMD ;AS01; LA1_TF1_AnalogAirHandlingFan _CMD;BOOL;;;;;;;Startorder;;;;
 LA1_TF1_V ;AS01; LA1_TF1_AnalogAirHandlingFan _V;BOOL;;;;;;;Driftindikering;;;;
 LA1_TF1_AUT ;AS01; LA1_TF1_AnalogAirHandlingFan _AUT;BOOL;;;;;;;0 = OFF, 1 = ON, 2 = AUT;;;;
 LA1_TF1_OP ;AS01; LA1_TF1_AnalogAirHandlingFan _OP;BOOL;;;;;"%"";0""";Utsignal;;;;;
 LA1_TF1_OPM ;AS01; LA1_TF1_AnalogAirHandlingFan _OPM;BOOL;;;;;%;0;Manuell utsignal;;;;
 LA1_TF1_AL5 ;AS01; LA1_TF1_AnalogAirHandlingFan _AL5;BOOL;;;;;;;Handställningslarm;;;p:C;
 LA1_TF1_CMD ;AS01; LA1_TF1_AnalogAirHandlingFan _CMD;BOOL;;;;;;;Startorder;;;;
 LA1_TF1_V ;AS01; LA1_TF1_AnalogAirHandlingFan _V;BOOL;;;;;;;Driftindikering;;;;
 LA1_TF1_AUT ;AS01; LA1_TF1_AnalogAirHandlingFan _AUT;BOOL;;;;;;;0 = OFF, 1 = ON, 2 = AUT;;;;
 LA1_TF1_OP ;AS01; LA1_TF1_AnalogAirHandlingFan _OP;BOOL;;;;;"%"";0""";Utsignal;;;;;
 LA1_TF1_OPM ;AS01; LA1_TF1_AnalogAirHandlingFan _OPM;BOOL;;;;;%;0;Manuell utsignal;;;;
 LA1_TF1_AL5 ;AS01; LA1_TF1_AnalogAirHandlingFan _AL5;BOOL;;;;;;;Handställningslarm;;;p:C;
 LA1_VERK_PV1 ;AS01; LA1_VERK_HeatExchangerEfficiency _PV1;BOOL;;;;;%;0;Verkningsgrad;;;;
 LA1_VERK_HeatExchangerEfficiency ;AS01; LA1_VERK_HeatExchangerEfficiency _V;BOOL;;;;;;;;;;;
 LA1_VERK_PV1 ;AS01; LA1_VERK_HeatExchangerEfficiency _PV1;BOOL;;;;;%;0;Verkningsgrad;;;;
 LA1_VERK_HeatExchangerEfficiency ;AS01; LA1_VERK_HeatExchangerEfficiency _V;BOOL;;;;;;;;;;;
 LA1_VERK_PV1_procent ;AS01; LA1_VERK_PV1_procent _V;BOOL;;;;;;;;;;;
 LA1_VERK_PV1_procent ;AS01; LA1_VERK_PV1_procent _P;BOOL;;;;;;;;;;;
 LA1_VERK_PV1_procent ;AS01; LA1_VERK_PV1_procent _V;BOOL;;;;;;;;;;;
 LA1_VERK_PV1_procent ;AS01; LA1_VERK_PV1_procent _P;BOOL;;;;;;;;;;;
 LA1_AGGREGAT_TXT ;AS01; LA1_AGGREGAT_TXT _TXT;BOOL;;;;;;;;;;;
 LA1_AGGREGAT_TXT ;AS01; LA1_AGGREGAT_TXT _TXT;BOOL;;;;;;;;;;;
 LA1_AGGREGAT_TXT1 ;AS01; LA1_AGGREGAT_TXT1 _TXT;BOOL;;;;;;;;;;;
 LA1_AGGREGAT_TXT1 ;AS01; LA1_AGGREGAT_TXT1 _TXT1;BOOL;;;;;;;;;;;
 LA1_AGGREGAT_TXT1 ;AS01; LA1_AGGREGAT_TXT1 _TXT;BOOL;;;;;;;;;;;
 LA1_AGGREGAT_TXT1 ;AS01; LA1_AGGREGAT_TXT1 _TXT1;BOOL;;;;;;;;;;;
 LA1_P1_AL_ClassA ;AS01; LA1_P1_AL_ClassA _P;BOOL;;;;;;;;;;;
 LA1_P1_AL_ClassA ;AS01; LA1_P1_AL_ClassA _P;BOOL;;;;;;;;;;;
 LA1_P2_AL_ClassB ;AS01; LA1_P2_AL_ClassB _P;BOOL;;;;;;;;;;;
 LA1_P2_AL_ClassB ;AS01; LA1_P2_AL_ClassB _P;BOOL;;;;;;;;;;;
 LA1_P3_AL_ClassB ;AS01; LA1_P3_AL_ClassB _P;BOOL;;;;;;;;;;;
 LA1_P3_AL_ClassB ;AS01; LA1_P3_AL_ClassB _P;BOOL;;;;;;;;;;;
 LA1_OMK1_AD ;AS01; LA1_OMK1_AlarmTimerConfig _AD;BOOL;;;;;s;;Larmfördröjning;;;;
 LA1_OMK1_V3Config ;AS01; LA1_OMK1_AlarmTimerConfig _V3;BOOL;;;;;;;Larmindikering;;;;
 LA1_OMK1_ADConfig ;AS01; LA1_OMK1_AlarmTimerConfig _AD;BOOL;;;;;s;;Larmfördröjning;;;;
 LA1_OMK1_AD ;AS01; LA1_OMK1_AlarmTimerConfig _AD;BOOL;;;;;s;;Larmfördröjning;;;;
 LA1_OMK1_V3Config ;AS01; LA1_OMK1_AlarmTimerConfig _V3;BOOL;;;;;;;Larmindikering;;;;
 LA1_OMK1_ADConfig ;AS01; LA1_OMK1_AlarmTimerConfig _AD;BOOL;;;;;s;;Larmfördröjning;;;;
 LA1_TC1_CT1 ;AS01; LA1_TC1_ScheduleWeekdaysConfig _CT1;BOOL;;;;;hh:mm;00:00;Måndag;;;;
 LA1_TC1_CT2 ;AS01; LA1_TC1_ScheduleWeekdaysConfig _CT2;BOOL;;;;;hh:mm;00:00;Tisdag;;;;
 LA1_TC1_CT3 ;AS01; LA1_TC1_ScheduleWeekdaysConfig _CT3;BOOL;;;;;hh:mm;00:00;Onsdag;;;;
 LA1_TC1_CT4 ;AS01; LA1_TC1_ScheduleWeekdaysConfig _CT4;BOOL;;;;;hh:mm;00:00;Torsdag;;;;
 LA1_TC1_CT5 ;AS01; LA1_TC1_ScheduleWeekdaysConfig _CT5;BOOL;;;;;hh:mm;00:00;Fredag;;;;
 LA1_TC1_CT6 ;AS01; LA1_TC1_ScheduleWeekdaysConfig _CT6;BOOL;;;;;hh:mm;00:00;Lördag;;;;
 LA1_TC1_CT7 ;AS01; LA1_TC1_ScheduleWeekdaysConfig _CT7;BOOL;;;;;hh:mm;00:00;Söndag;;;;
 LA1_TC1_CF1 ;AS01; LA1_TC1_ScheduleWeekdaysConfig _CF1;BOOL;;;;;hh:mm;00:00;Måndag;;;;
 LA1_TC1_CF2 ;AS01; LA1_TC1_ScheduleWeekdaysConfig _CF2;BOOL;;;;;hh:mm;00:00;Tisdag;;;;
 LA1_TC1_CF3 ;AS01; LA1_TC1_ScheduleWeekdaysConfig _CF3;BOOL;;;;;hh:mm;00:00;Onsdag;;;;
 LA1_TC1_CF4 ;AS01; LA1_TC1_ScheduleWeekdaysConfig _CF4;BOOL;;;;;hh:mm;00:00;Torsdag;;;;
 LA1_TC1_CF5 ;AS01; LA1_TC1_ScheduleWeekdaysConfig _CF5;BOOL;;;;;hh:mm;00:00;Fredag;;;;
 LA1_TC1_CF6 ;AS01; LA1_TC1_ScheduleWeekdaysConfig _CF6;BOOL;;;;;hh:mm;00:00;Lördag;;;;
 LA1_TC1_CF7 ;AS01; LA1_TC1_ScheduleWeekdaysConfig _CF7;BOOL;;;;;hh:mm;00:00;Söndag;;;;
 LA1_TC1_CMDConfig ;AS01; LA1_TC1_ScheduleWeekdaysConfig _CMD;BOOL;;;;;;;Tidkanal aktiv;;;;
 LA1_TC1_AUTConfig ;AS01; LA1_TC1_ScheduleWeekdaysConfig _AUT;BOOL;;;;;;;0 = OFF, 1 = ON, 2 = AUT;;;;
 LA1_TC1_AL5Config ;AS01; LA1_TC1_ScheduleWeekdaysConfig _AL5;BOOL;;;;;;;Handställningslarm;;;p:C;
 LA1_TC1_CT1 ;AS01; LA1_TC1_ScheduleWeekdaysConfig _CT1;BOOL;;;;;hh:mm;00:00;Måndag;;;;
 LA1_TC1_CT2 ;AS01; LA1_TC1_ScheduleWeekdaysConfig _CT2;BOOL;;;;;hh:mm;00:00;Tisdag;;;;
 LA1_TC1_CT3 ;AS01; LA1_TC1_ScheduleWeekdaysConfig _CT3;BOOL;;;;;hh:mm;00:00;Onsdag;;;;
 LA1_TC1_CT4 ;AS01; LA1_TC1_ScheduleWeekdaysConfig _CT4;BOOL;;;;;hh:mm;00:00;Torsdag;;;;
 LA1_TC1_CT5 ;AS01; LA1_TC1_ScheduleWeekdaysConfig _CT5;BOOL;;;;;hh:mm;00:00;Fredag;;;;
 LA1_TC1_CT6 ;AS01; LA1_TC1_ScheduleWeekdaysConfig _CT6;BOOL;;;;;hh:mm;00:00;Lördag;;;;
 LA1_TC1_CT7 ;AS01; LA1_TC1_ScheduleWeekdaysConfig _CT7;BOOL;;;;;hh:mm;00:00;Söndag;;;;
 LA1_TC1_CF1 ;AS01; LA1_TC1_ScheduleWeekdaysConfig _CF1;BOOL;;;;;hh:mm;00:00;Måndag;;;;
 LA1_TC1_CF2 ;AS01; LA1_TC1_ScheduleWeekdaysConfig _CF2;BOOL;;;;;hh:mm;00:00;Tisdag;;;;
 LA1_TC1_CF3 ;AS01; LA1_TC1_ScheduleWeekdaysConfig _CF3;BOOL;;;;;hh:mm;00:00;Onsdag;;;;
 LA1_TC1_CF4 ;AS01; LA1_TC1_ScheduleWeekdaysConfig _CF4;BOOL;;;;;hh:mm;00:00;Torsdag;;;;
 LA1_TC1_CF5 ;AS01; LA1_TC1_ScheduleWeekdaysConfig _CF5;BOOL;;;;;hh:mm;00:00;Fredag;;;;
 LA1_TC1_CF6 ;AS01; LA1_TC1_ScheduleWeekdaysConfig _CF6;BOOL;;;;;hh:mm;00:00;Lördag;;;;
 LA1_TC1_CF7 ;AS01; LA1_TC1_ScheduleWeekdaysConfig _CF7;BOOL;;;;;hh:mm;00:00;Söndag;;;;
 LA1_TC1_CMDConfig ;AS01; LA1_TC1_ScheduleWeekdaysConfig _CMD;BOOL;;;;;;;Tidkanal aktiv;;;;
 LA1_TC1_AUTConfig ;AS01; LA1_TC1_ScheduleWeekdaysConfig _AUT;BOOL;;;;;;;0 = OFF, 1 = ON, 2 = AUT;;;;
 LA1_TC1_AL5Config ;AS01; LA1_TC1_ScheduleWeekdaysConfig _AL5;BOOL;;;;;;;Handställningslarm;;;p:C;
 LA1_GX71_GX72_AD ;AS01; LA1_GX71_GX72_AlarmTimerConfig _AD;BOOL;;;;;s;;Larmfördröjning;;;;
 LA1_GX71_GX72_V3Config ;AS01; LA1_GX71_GX72_AlarmTimerConfig _V3;BOOL;;;;;;;Larmindikering;;;;
 LA1_GX71_GX72_ADConfig ;AS01; LA1_GX71_GX72_AlarmTimerConfig _AD;BOOL;;;;;s;;Larmfördröjning;;;;
 LA1_GX71_GX72_AD ;AS01; LA1_GX71_GX72_AlarmTimerConfig _AD;BOOL;;;;;s;;Larmfördröjning;;;;
 LA1_GX71_GX72_V3Config ;AS01; LA1_GX71_GX72_AlarmTimerConfig _V3;BOOL;;;;;;;Larmindikering;;;;
 LA1_GX71_GX72_ADConfig ;AS01; LA1_GX71_GX72_AlarmTimerConfig _AD;BOOL;;;;;s;;Larmfördröjning;;;;
 LA1_GX71S_GX72S_AD ;AS01; LA1_GX71S_GX72S_AlarmTimerConfig _AD;BOOL;;;;;s;;Larmfördröjning;;;;
 LA1_GX71S_GX72S_V3Config ;AS01; LA1_GX71S_GX72S_AlarmTimerConfig _V3;BOOL;;;;;;;Larmindikering;;;;
 LA1_GX71S_GX72S_ADConfig ;AS01; LA1_GX71S_GX72S_AlarmTimerConfig _AD;BOOL;;;;;s;;Larmfördröjning;;;;
 LA1_GX71S_GX72S_AD ;AS01; LA1_GX71S_GX72S_AlarmTimerConfig _AD;BOOL;;;;;s;;Larmfördröjning;;;;
 LA1_GX71S_GX72S_V3Config ;AS01; LA1_GX71S_GX72S_AlarmTimerConfig _V3;BOOL;;;;;;;Larmindikering;;;;
 LA1_GX71S_GX72S_ADConfig ;AS01; LA1_GX71S_GX72S_AlarmTimerConfig _AD;BOOL;;;;;s;;Larmfördröjning;;;;
 LA1_AF1_AD ;AS01; LA1_AF1_AlarmTimerConfig _AD;BOOL;;;;;s;;Larmfördröjning;;;;
 LA1_AF1_V3Config ;AS01; LA1_AF1_AlarmTimerConfig _V3;BOOL;;;;;;;Larmindikering;;;;
 LA1_AF1_ADConfig ;AS01; LA1_AF1_AlarmTimerConfig _AD;BOOL;;;;;s;;Larmfördröjning;;;;
 LA1_AF1_AD ;AS01; LA1_AF1_AlarmTimerConfig _AD;BOOL;;;;;s;;Larmfördröjning;;;;
 LA1_AF1_V3Config ;AS01; LA1_AF1_AlarmTimerConfig _V3;BOOL;;;;;;;Larmindikering;;;;
 LA1_AF1_ADConfig ;AS01; LA1_AF1_AlarmTimerConfig _AD;BOOL;;;;;s;;Larmfördröjning;;;;
 LA1_GP71_HAD ;AS01; LA1_GP71_HighAlarmConfig _HAD;BOOL;;;;;s;;Larmfördröjning;;;;
 LA1_GP71_AHL ;AS01; LA1_GP71_HighAlarmConfig _AHL;BOOL;;;;;;;Larmgräns hög;;;;
 LA1_GP71_HAD ;AS01; LA1_GP71_HighAlarmConfig _HAD;BOOL;;;;;s;;Larmfördröjning;;;;
 LA1_GP71_AHL ;AS01; LA1_GP71_HighAlarmConfig _AHL;BOOL;;;;;;;Larmgräns hög;;;;
 LA1_GP72_HAD ;AS01; LA1_GP72_HighAlarmConfig _HAD;BOOL;;;;;s;;Larmfördröjning;;;;
 LA1_GP72_AHL ;AS01; LA1_GP72_HighAlarmConfig _AHL;BOOL;;;;;;;Larmgräns hög;;;;
 LA1_GP72_HAD ;AS01; LA1_GP72_HighAlarmConfig _HAD;BOOL;;;;;s;;Larmfördröjning;;;;
 LA1_GP72_AHL ;AS01; LA1_GP72_HighAlarmConfig _AHL;BOOL;;;;;;;Larmgräns hög;;;;
 LA1_ST21_SP5 ;AS01; LA1_ST21_DigitalDamperConfig _SP5;BOOL;;;;;s;;Frånslagsfördröjning;;;;
 LA1_ST21_SP6 ;AS01; LA1_ST21_DigitalDamperConfig _SP6;BOOL;;;;;s;;Tillslagsfördröjning;;;;
 LA1_ST21_CMDConfig ;AS01; LA1_ST21_DigitalDamperConfig _CMD;BOOL;;;;;;;Startorder;;;;
 LA1_ST21_SP5 ;AS01; LA1_ST21_DigitalDamperConfig _SP5;BOOL;;;;;s;;Frånslagsfördröjning;;;;
 LA1_ST21_SP6 ;AS01; LA1_ST21_DigitalDamperConfig _SP6;BOOL;;;;;s;;Tillslagsfördröjning;;;;
 LA1_ST21_CMDConfig ;AS01; LA1_ST21_DigitalDamperConfig _CMD;BOOL;;;;;;;Startorder;;;;
 LA1_AGGREGAT_SP5 ;AS01; LA1_AGGREGAT_CrosslockConfig _SP5;BOOL;;;;;s;;Uppstartsfördröjning tilluftsfläkt;;;;
 LA1_AGGREGAT_AD ;AS01; LA1_AGGREGAT_CrosslockConfig _AD;BOOL;;;;;s;;Larmfördröjning Korsvisförreglering;;;;
 LA1_AGGREGAT_SP5 ;AS01; LA1_AGGREGAT_CrosslockConfig _SP5;BOOL;;;;;s;;Uppstartsfördröjning tilluftsfläkt;;;;
 LA1_AGGREGAT_AD ;AS01; LA1_AGGREGAT_CrosslockConfig _AD;BOOL;;;;;s;;Larmfördröjning Korsvisförreglering;;;;
 LA1_NC_SP2 ;AS01; LA1_NC_NightCoolConfig _SP2;BOOL;;;;;°C;0.0;Startgräns rumstemperatur nattkyla;;;;
 LA1_NC_SP3 ;AS01; LA1_NC_NightCoolConfig _SP3;BOOL;;;;;°C;0.0;Stopphyst. rumstemperatur nattkyla;;;;
 LA1_NC_SP4 ;AS01; LA1_NC_NightCoolConfig _SP4;BOOL;;;;;°C;0.0;Startgräns utetemp.;;;;
 LA1_NC_SP5 ;AS01; LA1_NC_NightCoolConfig _SP5;BOOL;;;;;°C;0.0;Stopphysteres utetemp.;;;;
 LA1_NC_SP6 ;AS01; LA1_NC_NightCoolConfig _SP6;BOOL;;;;;°C;0.0;Mingräns temperatur mellan rum och utomhustemp.;;;;
 LA1_NC_SP8 ;AS01; LA1_NC_NightCoolConfig _SP8;BOOL;;;;;tim;0.0;Antal timmar blockering nattkyla;;;;
 LA1_NC_VConfig ;AS01; LA1_NC_NightCoolConfig _V;BOOL;;;;;;;Nattkyla aktiv;;;;
 LA1_NC_V3Config ;AS01; LA1_NC_NightCoolConfig _V3;BOOL;;;;;;;Nattkylablockering aktiv;;;;
 LA1_NC_SP2 ;AS01; LA1_NC_NightCoolConfig _SP2;BOOL;;;;;°C;0.0;Startgräns rumstemperatur nattkyla;;;;
 LA1_NC_SP3 ;AS01; LA1_NC_NightCoolConfig _SP3;BOOL;;;;;°C;0.0;Stopphyst. rumstemperatur nattkyla;;;;
 LA1_NC_SP4 ;AS01; LA1_NC_NightCoolConfig _SP4;BOOL;;;;;°C;0.0;Startgräns utetemp.;;;;
 LA1_NC_SP5 ;AS01; LA1_NC_NightCoolConfig _SP5;BOOL;;;;;°C;0.0;Stopphysteres utetemp.;;;;
 LA1_NC_SP6 ;AS01; LA1_NC_NightCoolConfig _SP6;BOOL;;;;;°C;0.0;Mingräns temperatur mellan rum och utomhustemp.;;;;
 LA1_NC_SP8 ;AS01; LA1_NC_NightCoolConfig _SP8;BOOL;;;;;tim;0.0;Antal timmar blockering nattkyla;;;;
 LA1_NC_VConfig ;AS01; LA1_NC_NightCoolConfig _V;BOOL;;;;;;;Nattkyla aktiv;;;;
 LA1_NC_V3Config ;AS01; LA1_NC_NightCoolConfig _V3;BOOL;;;;;;;Nattkylablockering aktiv;;;;
 LA1_GT11_AD ;AS01; LA1_GT11_DeviationAlarmConfig _AD;BOOL;;;;;s;;Larmfördröjning;;;;
 LA1_GT11_ADL1 ;AS01; LA1_GT11_DeviationAlarmConfig _ADL1;BOOL;;;;;;0.0;Larmgräns Avvikelse övre gräns;;;;
 LA1_GT11_ADL2 ;AS01; LA1_GT11_DeviationAlarmConfig _ADL2;BOOL;;;;;;0.0;Larmgräns Avvikelse nedre gräns;;;;
 LA1_GT11_AD ;AS01; LA1_GT11_DeviationAlarmConfig _AD;BOOL;;;;;s;;Larmfördröjning;;;;
 LA1_GT11_ADL1 ;AS01; LA1_GT11_DeviationAlarmConfig _ADL1;BOOL;;;;;;0.0;Larmgräns Avvikelse övre gräns;;;;
 LA1_GT11_ADL2 ;AS01; LA1_GT11_DeviationAlarmConfig _ADL2;BOOL;;;;;;0.0;Larmgräns Avvikelse nedre gräns;;;;
 LA1_GT11_P ;AS01; LA1_GT11_BasicControllerConfig _P;BOOL;;;;;;0.0;Pfaktor;;;;
 LA1_GT11_I ;AS01; LA1_GT11_BasicControllerConfig _I;BOOL;;;;;;0;I-tid;;;;
 LA1_GT11_S ;AS01; LA1_GT11_BasicControllerConfig _S;BOOL;;;;;s;0;Sampletid;;;;
 LA1_GT11_P ;AS01; LA1_GT11_BasicControllerConfig _P;BOOL;;;;;;0.0;Pfaktor;;;;
 LA1_GT11_I ;AS01; LA1_GT11_BasicControllerConfig _I;BOOL;;;;;;0;I-tid;;;;
 LA1_GT11_S ;AS01; LA1_GT11_BasicControllerConfig _S;BOOL;;;;;s;0;Sampletid;;;;
 LA1_GT11_X1 ;AS01; LA1_GT11_CurveTemperatureConfig _X1;BOOL;;;;;°C;0.0;X-värde 1;;;;
 LA1_GT11_X2 ;AS01; LA1_GT11_CurveTemperatureConfig _X2;BOOL;;;;;°C;0.0;X-värde 2;;;;
 LA1_GT11_X3 ;AS01; LA1_GT11_CurveTemperatureConfig _X3;BOOL;;;;;°C;0.0;X-värde 3;;;;
 LA1_GT11_X4 ;AS01; LA1_GT11_CurveTemperatureConfig _X4;BOOL;;;;;°C;0.0;X-värde 4;;;;
 LA1_GT11_X5 ;AS01; LA1_GT11_CurveTemperatureConfig _X5;BOOL;;;;;°C;0.0;X-värde 5;;;;
 LA1_GT11_X6 ;AS01; LA1_GT11_CurveTemperatureConfig _X6;BOOL;;;;;°C;0.0;X-värde 6;;;;
 LA1_GT11_X7 ;AS01; LA1_GT11_CurveTemperatureConfig _X7;BOOL;;;;;°C;0.0;X-värde 7;;;;
 LA1_GT11_X8 ;AS01; LA1_GT11_CurveTemperatureConfig _X8;BOOL;;;;;°C;0.0;X-värde 8;;;;
 LA1_GT11_X9 ;AS01; LA1_GT11_CurveTemperatureConfig _X9;BOOL;;;;;°C;0.0;X-värde 9;;;;
 LA1_GT11_Y1 ;AS01; LA1_GT11_CurveTemperatureConfig _Y1;BOOL;;;;;°C;0.0;Y-värde 1;;;;
 LA1_GT11_Y2 ;AS01; LA1_GT11_CurveTemperatureConfig _Y2;BOOL;;;;;°C;0.0;Y-värde 2;;;;
 LA1_GT11_Y3 ;AS01; LA1_GT11_CurveTemperatureConfig _Y3;BOOL;;;;;°C;0.0;Y-värde 3;;;;
 LA1_GT11_Y4 ;AS01; LA1_GT11_CurveTemperatureConfig _Y4;BOOL;;;;;°C;0.0;Y-värde 4;;;;
 LA1_GT11_Y5 ;AS01; LA1_GT11_CurveTemperatureConfig _Y5;BOOL;;;;;°C;0.0;Y-värde 5;;;;
 LA1_GT11_Y6 ;AS01; LA1_GT11_CurveTemperatureConfig _Y6;BOOL;;;;;°C;0.0;Y-värde 6;;;;
 LA1_GT11_Y7 ;AS01; LA1_GT11_CurveTemperatureConfig _Y7;BOOL;;;;;°C;0.0;Y-värde 7;;;;
 LA1_GT11_Y8 ;AS01; LA1_GT11_CurveTemperatureConfig _Y8;BOOL;;;;;°C;0.0;Y-värde 8;;;;
 LA1_GT11_Y9 ;AS01; LA1_GT11_CurveTemperatureConfig _Y9;BOOL;;;;;°C;0.0;Y-värde 9;;;;
 LA1_GT11_MIN ;AS01; LA1_GT11_CurveTemperatureConfig _MIN;BOOL;;;;;°C;0.0;Minbegränsning;;;;
 LA1_GT11_MAX ;AS01; LA1_GT11_CurveTemperatureConfig _MAX;BOOL;;;;;°C;0.0;Maxbegränsning;;;;
 LA1_GT11_X1 ;AS01; LA1_GT11_CurveTemperatureConfig _X1;BOOL;;;;;°C;0.0;X-värde 1;;;;
 LA1_GT11_X2 ;AS01; LA1_GT11_CurveTemperatureConfig _X2;BOOL;;;;;°C;0.0;X-värde 2;;;;
 LA1_GT11_X3 ;AS01; LA1_GT11_CurveTemperatureConfig _X3;BOOL;;;;;°C;0.0;X-värde 3;;;;
 LA1_GT11_X4 ;AS01; LA1_GT11_CurveTemperatureConfig _X4;BOOL;;;;;°C;0.0;X-värde 4;;;;
 LA1_GT11_X5 ;AS01; LA1_GT11_CurveTemperatureConfig _X5;BOOL;;;;;°C;0.0;X-värde 5;;;;
 LA1_GT11_X6 ;AS01; LA1_GT11_CurveTemperatureConfig _X6;BOOL;;;;;°C;0.0;X-värde 6;;;;
 LA1_GT11_X7 ;AS01; LA1_GT11_CurveTemperatureConfig _X7;BOOL;;;;;°C;0.0;X-värde 7;;;;
 LA1_GT11_X8 ;AS01; LA1_GT11_CurveTemperatureConfig _X8;BOOL;;;;;°C;0.0;X-värde 8;;;;
 LA1_GT11_X9 ;AS01; LA1_GT11_CurveTemperatureConfig _X9;BOOL;;;;;°C;0.0;X-värde 9;;;;
 LA1_GT11_Y1 ;AS01; LA1_GT11_CurveTemperatureConfig _Y1;BOOL;;;;;°C;0.0;Y-värde 1;;;;
 LA1_GT11_Y2 ;AS01; LA1_GT11_CurveTemperatureConfig _Y2;BOOL;;;;;°C;0.0;Y-värde 2;;;;
 LA1_GT11_Y3 ;AS01; LA1_GT11_CurveTemperatureConfig _Y3;BOOL;;;;;°C;0.0;Y-värde 3;;;;
 LA1_GT11_Y4 ;AS01; LA1_GT11_CurveTemperatureConfig _Y4;BOOL;;;;;°C;0.0;Y-värde 4;;;;
 LA1_GT11_Y5 ;AS01; LA1_GT11_CurveTemperatureConfig _Y5;BOOL;;;;;°C;0.0;Y-värde 5;;;;
 LA1_GT11_Y6 ;AS01; LA1_GT11_CurveTemperatureConfig _Y6;BOOL;;;;;°C;0.0;Y-värde 6;;;;
 LA1_GT11_Y7 ;AS01; LA1_GT11_CurveTemperatureConfig _Y7;BOOL;;;;;°C;0.0;Y-värde 7;;;;
 LA1_GT11_Y8 ;AS01; LA1_GT11_CurveTemperatureConfig _Y8;BOOL;;;;;°C;0.0;Y-värde 8;;;;
 LA1_GT11_Y9 ;AS01; LA1_GT11_CurveTemperatureConfig _Y9;BOOL;;;;;°C;0.0;Y-värde 9;;;;
 LA1_GT11_MIN ;AS01; LA1_GT11_CurveTemperatureConfig _MIN;BOOL;;;;;°C;0.0;Minbegränsning;;;;
 LA1_GT11_MAX ;AS01; LA1_GT11_CurveTemperatureConfig _MAX;BOOL;;;;;°C;0.0;Maxbegränsning;;;;
 LA1_GP11_AD ;AS01; LA1_GP11_DeviationAlarmConfig _AD;BOOL;;;;;s;;Larmfördröjning;;;;
 LA1_GP11_ADL1 ;AS01; LA1_GP11_DeviationAlarmConfig _ADL1;BOOL;;;;;;0.0;Larmgräns Avvikelse övre gräns;;;;
 LA1_GP11_ADL2 ;AS01; LA1_GP11_DeviationAlarmConfig _ADL2;BOOL;;;;;;0.0;Larmgräns Avvikelse nedre gräns;;;;
 LA1_GP11_AD ;AS01; LA1_GP11_DeviationAlarmConfig _AD;BOOL;;;;;s;;Larmfördröjning;;;;
 LA1_GP11_ADL1 ;AS01; LA1_GP11_DeviationAlarmConfig _ADL1;BOOL;;;;;;0.0;Larmgräns Avvikelse övre gräns;;;;
 LA1_GP11_ADL2 ;AS01; LA1_GP11_DeviationAlarmConfig _ADL2;BOOL;;;;;;0.0;Larmgräns Avvikelse nedre gräns;;;;
 LA1_GP11_P ;AS01; LA1_GP11_BasicControllerConfig _P;BOOL;;;;;;0.0;Pfaktor;;;;
 LA1_GP11_I ;AS01; LA1_GP11_BasicControllerConfig _I;BOOL;;;;;;0;I-tid;;;;
 LA1_GP11_S ;AS01; LA1_GP11_BasicControllerConfig _S;BOOL;;;;;s;0;Sampletid;;;;
 LA1_GP11_P ;AS01; LA1_GP11_BasicControllerConfig _P;BOOL;;;;;;0.0;Pfaktor;;;;
 LA1_GP11_I ;AS01; LA1_GP11_BasicControllerConfig _I;BOOL;;;;;;0;I-tid;;;;
 LA1_GP11_S ;AS01; LA1_GP11_BasicControllerConfig _S;BOOL;;;;;s;0;Sampletid;;;;
 LA1_GP12_AD ;AS01; LA1_GP12_DeviationAlarmConfig _AD;BOOL;;;;;s;;Larmfördröjning;;;;
 LA1_GP12_ADL1 ;AS01; LA1_GP12_DeviationAlarmConfig _ADL1;BOOL;;;;;;0.0;Larmgräns Avvikelse övre gräns;;;;
 LA1_GP12_ADL2 ;AS01; LA1_GP12_DeviationAlarmConfig _ADL2;BOOL;;;;;;0.0;Larmgräns Avvikelse nedre gräns;;;;
 LA1_GP12_AD ;AS01; LA1_GP12_DeviationAlarmConfig _AD;BOOL;;;;;s;;Larmfördröjning;;;;
 LA1_GP12_ADL1 ;AS01; LA1_GP12_DeviationAlarmConfig _ADL1;BOOL;;;;;;0.0;Larmgräns Avvikelse övre gräns;;;;
 LA1_GP12_ADL2 ;AS01; LA1_GP12_DeviationAlarmConfig _ADL2;BOOL;;;;;;0.0;Larmgräns Avvikelse nedre gräns;;;;
 LA1_GP12_P ;AS01; LA1_GP12_BasicControllerConfig _P;BOOL;;;;;;0.0;Pfaktor;;;;
 LA1_GP12_I ;AS01; LA1_GP12_BasicControllerConfig _I;BOOL;;;;;;0;I-tid;;;;
 LA1_GP12_S ;AS01; LA1_GP12_BasicControllerConfig _S;BOOL;;;;;s;0;Sampletid;;;;
 LA1_GP12_P ;AS01; LA1_GP12_BasicControllerConfig _P;BOOL;;;;;;0.0;Pfaktor;;;;
 LA1_GP12_I ;AS01; LA1_GP12_BasicControllerConfig _I;BOOL;;;;;;0;I-tid;;;;
 LA1_GP12_S ;AS01; LA1_GP12_BasicControllerConfig _S;BOOL;;;;;s;0;Sampletid;;;;
 LA1_GT81_SP1 ;AS01; LA1_GT81_AntiFreezeControllerConfig _SP1;BOOL;;;;;°C;0.0;Fryssvaktsgräns;;;;
 LA1_GT81_SP2 ;AS01; LA1_GT81_AntiFreezeControllerConfig _SP2;BOOL;;;;;°C;0.0;Säkerhetsmarginal för normaldrift beroende på frysvaktsgräns;;;;
 LA1_GT81_SP3 ;AS01; LA1_GT81_AntiFreezeControllerConfig _SP3;BOOL;;;;;°C;0.0;Börvärde varmhållning vid standby;;;;
 LA1_GT81_SP1 ;AS01; LA1_GT81_AntiFreezeControllerConfig _SP1;BOOL;;;;;°C;0.0;Fryssvaktsgräns;;;;
 LA1_GT81_SP2 ;AS01; LA1_GT81_AntiFreezeControllerConfig _SP2;BOOL;;;;;°C;0.0;Säkerhetsmarginal för normaldrift beroende på frysvaktsgräns;;;;
 LA1_GT81_SP3 ;AS01; LA1_GT81_AntiFreezeControllerConfig _SP3;BOOL;;;;;°C;0.0;Börvärde varmhållning vid standby;;;;
 LA1_FF1_SP5 ;AS01; LA1_FF1_AirHandlingFanConfig _SP5;BOOL;;;;;s;;Frånslagsfördröjning;;;;
 LA1_FF1_SP6 ;AS01; LA1_FF1_AirHandlingFanConfig _SP6;BOOL;;;;;s;;Tillslagsfördröjning;;;;
 LA1_FF1_AD ;AS01; LA1_FF1_AirHandlingFanConfig _AD;BOOL;;;;;s;;Larmfördröjning;;;;
 LA1_FF1_SP5 ;AS01; LA1_FF1_AirHandlingFanConfig _SP5;BOOL;;;;;s;;Frånslagsfördröjning;;;;
 LA1_FF1_SP6 ;AS01; LA1_FF1_AirHandlingFanConfig _SP6;BOOL;;;;;s;;Tillslagsfördröjning;;;;
 LA1_FF1_AD ;AS01; LA1_FF1_AirHandlingFanConfig _AD;BOOL;;;;;s;;Larmfördröjning;;;;
 LA1_TF1_SP5 ;AS01; LA1_TF1_AirHandlingFanConfig _SP5;BOOL;;;;;s;;Frånslagsfördröjning;;;;
 LA1_TF1_SP6 ;AS01; LA1_TF1_AirHandlingFanConfig _SP6;BOOL;;;;;s;;Tillslagsfördröjning;;;;
 LA1_TF1_AD ;AS01; LA1_TF1_AirHandlingFanConfig _AD;BOOL;;;;;s;;Larmfördröjning;;;;
 LA1_TF1_SP5 ;AS01; LA1_TF1_AirHandlingFanConfig _SP5;BOOL;;;;;s;;Frånslagsfördröjning;;;;
 LA1_TF1_SP6 ;AS01; LA1_TF1_AirHandlingFanConfig _SP6;BOOL;;;;;s;;Tillslagsfördröjning;;;;
 LA1_TF1_AD ;AS01; LA1_TF1_AirHandlingFanConfig _AD;BOOL;;;;;s;;Larmfördröjning;;;;
 LA1_P1_SP5 ;AS01; LA1_P1_CirculationPumpConfig _SP5;BOOL;;;;;s;;Frånslagsfördröjning;;;;
 LA1_P1_SP6 ;AS01; LA1_P1_CirculationPumpConfig _SP6;BOOL;;;;;s;;Tillslagsfördröjning;;;;
 LA1_P1_AD ;AS01; LA1_P1_CirculationPumpConfig _AD;BOOL;;;;;s;;Larmfördröjning;;;;
 LA1_P1_SP7 ;AS01; LA1_P1_CirculationPumpConfig _SP7;BOOL;;;;;s;;Motionsperiod;;;;
 LA1_P1_CirculationPumpConfig ;AS01; LA1_P1_CirculationPumpConfig _P;BOOL;;;;;;;;;;;
 LA1_P1_SP5 ;AS01; LA1_P1_CirculationPumpConfig _SP5;BOOL;;;;;s;;Frånslagsfördröjning;;;;
 LA1_P1_SP6 ;AS01; LA1_P1_CirculationPumpConfig _SP6;BOOL;;;;;s;;Tillslagsfördröjning;;;;
 LA1_P1_AD ;AS01; LA1_P1_CirculationPumpConfig _AD;BOOL;;;;;s;;Larmfördröjning;;;;
 LA1_P1_SP7 ;AS01; LA1_P1_CirculationPumpConfig _SP7;BOOL;;;;;s;;Motionsperiod;;;;
 LA1_P1_CirculationPumpConfig ;AS01; LA1_P1_CirculationPumpConfig _P;BOOL;;;;;;;;;;;
 LA1_P2_SP5 ;AS01; LA1_P2_CirculationPumpConfig _SP5;BOOL;;;;;s;;Frånslagsfördröjning;;;;
 LA1_P2_SP6 ;AS01; LA1_P2_CirculationPumpConfig _SP6;BOOL;;;;;s;;Tillslagsfördröjning;;;;
 LA1_P2_AD ;AS01; LA1_P2_CirculationPumpConfig _AD;BOOL;;;;;s;;Larmfördröjning;;;;
 LA1_P2_SP7 ;AS01; LA1_P2_CirculationPumpConfig _SP7;BOOL;;;;;s;;Motionsperiod;;;;
 LA1_P2_CirculationPumpConfig ;AS01; LA1_P2_CirculationPumpConfig _P;BOOL;;;;;;;;;;;
 LA1_P2_SP5 ;AS01; LA1_P2_CirculationPumpConfig _SP5;BOOL;;;;;s;;Frånslagsfördröjning;;;;
 LA1_P2_SP6 ;AS01; LA1_P2_CirculationPumpConfig _SP6;BOOL;;;;;s;;Tillslagsfördröjning;;;;
 LA1_P2_AD ;AS01; LA1_P2_CirculationPumpConfig _AD;BOOL;;;;;s;;Larmfördröjning;;;;
 LA1_P2_SP7 ;AS01; LA1_P2_CirculationPumpConfig _SP7;BOOL;;;;;s;;Motionsperiod;;;;
 LA1_P2_CirculationPumpConfig ;AS01; LA1_P2_CirculationPumpConfig _P;BOOL;;;;;;;;;;;
 LA1_P3_SP5 ;AS01; LA1_P3_CirculationPumpConfig _SP5;BOOL;;;;;s;;Frånslagsfördröjning;;;;
 LA1_P3_SP6 ;AS01; LA1_P3_CirculationPumpConfig _SP6;BOOL;;;;;s;;Tillslagsfördröjning;;;;
 LA1_P3_AD ;AS01; LA1_P3_CirculationPumpConfig _AD;BOOL;;;;;s;;Larmfördröjning;;;;
 LA1_P3_SP7 ;AS01; LA1_P3_CirculationPumpConfig _SP7;BOOL;;;;;s;;Motionsperiod;;;;
 LA1_P3_CirculationPumpConfig ;AS01; LA1_P3_CirculationPumpConfig _P;BOOL;;;;;;;;;;;
 LA1_P3_SP5 ;AS01; LA1_P3_CirculationPumpConfig _SP5;BOOL;;;;;s;;Frånslagsfördröjning;;;;
 LA1_P3_SP6 ;AS01; LA1_P3_CirculationPumpConfig _SP6;BOOL;;;;;s;;Tillslagsfördröjning;;;;
 LA1_P3_AD ;AS01; LA1_P3_CirculationPumpConfig _AD;BOOL;;;;;s;;Larmfördröjning;;;;
 LA1_P3_SP7 ;AS01; LA1_P3_CirculationPumpConfig _SP7;BOOL;;;;;s;;Motionsperiod;;;;
 LA1_P3_CirculationPumpConfig ;AS01; LA1_P3_CirculationPumpConfig _P;BOOL;;;;;;;;;;;
 LA1_VERK_PV1Config ;AS01; LA1_VERK_HeatExchangerEfficiencyConfig _PV1;BOOL;;;;;%;0;Verkningsgrad;;;;
 LA1_VERK_AD ;AS01; LA1_VERK_HeatExchangerEfficiencyConfig _AD;BOOL;;;;;s;0;Larmfördröjning låg verkningsgrad;;;;
 LA1_VERK_ADL1 ;AS01; LA1_VERK_HeatExchangerEfficiencyConfig _ADL1;BOOL;;;;;%;0;Larmgräns låg verkningsgrad;;;;
 LA1_VERK_ADL2 ;AS01; LA1_VERK_HeatExchangerEfficiencyConfig _ADL2;BOOL;;;;;%;0;Blockering larm vid utsignal under;;;;
 LA1_VERK_HeatExchangerEfficiencyConfig ;AS01; LA1_VERK_HeatExchangerEfficiencyConfig _V;BOOL;;;;;;;;;;;
 LA1_VERK_PV1Config ;AS01; LA1_VERK_HeatExchangerEfficiencyConfig _PV1;BOOL;;;;;%;0;Verkningsgrad;;;;
 LA1_VERK_AD ;AS01; LA1_VERK_HeatExchangerEfficiencyConfig _AD;BOOL;;;;;s;0;Larmfördröjning låg verkningsgrad;;;;
 LA1_VERK_ADL1 ;AS01; LA1_VERK_HeatExchangerEfficiencyConfig _ADL1;BOOL;;;;;%;0;Larmgräns låg verkningsgrad;;;;
 LA1_VERK_ADL2 ;AS01; LA1_VERK_HeatExchangerEfficiencyConfig _ADL2;BOOL;;;;;%;0;Blockering larm vid utsignal under;;;;
 LA1_VERK_HeatExchangerEfficiencyConfig ;AS01; LA1_VERK_HeatExchangerEfficiencyConfig _V;BOOL;;;;;;;;;;;
 BGF_BGF1_V ;AS01; BGF_BGF1_SingleFan _V;BOOL;;;;;;;Driftindikering;;;;
 BGF_BGF1_CMD ;AS01; BGF_BGF1_SingleFan _CMD;BOOL;;;;;;;Startorder;;;;
 BGF_BGF1_AUT ;AS01; BGF_BGF1_SingleFan _AUT;BOOL;;;;;;;0 = OFF, 1 = ON, 2 = AUT;;;;
 BGF_BGF1_AL5 ;AS01; BGF_BGF1_SingleFan _AL5;BOOL;;;;;;;Handställningslarm;;;p:C;
 BGF_BGF1_V ;AS01; BGF_BGF1_SingleFan _V;BOOL;;;;;;;Driftindikering;;;;
 BGF_BGF1_CMD ;AS01; BGF_BGF1_SingleFan _CMD;BOOL;;;;;;;Startorder;;;;
 BGF_BGF1_AUT ;AS01; BGF_BGF1_SingleFan _AUT;BOOL;;;;;;;0 = OFF, 1 = ON, 2 = AUT;;;;
 BGF_BGF1_AL5 ;AS01; BGF_BGF1_SingleFan _AL5;BOOL;;;;;;;Handställningslarm;;;p:C;
 AS1_SYSTEM_PV1_import ;AS01; AS1_SYSTEM_PV1_import _P;BOOL;;;;;;;;;;;
 AS1_SYSTEM_PV1_import ;AS01; AS1_SYSTEM_PV1_import _P;BOOL;;;;;;;;;;;
 BGF_BGF1_SP5 ;AS01; BGF_BGF1_SingleFanConfig _SP5;BOOL;;;;;s;;Frånslagsfördröjning;;;;
 BGF_BGF1_SP6 ;AS01; BGF_BGF1_SingleFanConfig _SP6;BOOL;;;;;s;;Tillslagsfördröjning;;;;
 BGF_BGF1_AD ;AS01; BGF_BGF1_SingleFanConfig _AD;BOOL;;;;;s;;Larmfördröjning;;;;
 BGF_BGF1_VConfig ;AS01; BGF_BGF1_SingleFanConfig _V;BOOL;;;;;;;Driftindikering;;;;
 BGF_BGF1_CMDConfig ;AS01; BGF_BGF1_SingleFanConfig _CMD;BOOL;;;;;;;Startorder;;;;
 BGF_BGF1_AUTConfig ;AS01; BGF_BGF1_SingleFanConfig _AUT;BOOL;;;;;;;0 = OFF, 1 = ON, 2 = AUT;;;;
 BGF_BGF1_AL5Config ;AS01; BGF_BGF1_SingleFanConfig _AL5;BOOL;;;;;;;Handställningslarm;;;p:C;
 BGF_BGF1_SP5 ;AS01; BGF_BGF1_SingleFanConfig _SP5;BOOL;;;;;s;;Frånslagsfördröjning;;;;
 BGF_BGF1_SP6 ;AS01; BGF_BGF1_SingleFanConfig _SP6;BOOL;;;;;s;;Tillslagsfördröjning;;;;
 BGF_BGF1_AD ;AS01; BGF_BGF1_SingleFanConfig _AD;BOOL;;;;;s;;Larmfördröjning;;;;
 BGF_BGF1_VConfig ;AS01; BGF_BGF1_SingleFanConfig _V;BOOL;;;;;;;Driftindikering;;;;
 BGF_BGF1_CMDConfig ;AS01; BGF_BGF1_SingleFanConfig _CMD;BOOL;;;;;;;Startorder;;;;
 BGF_BGF1_AUTConfig ;AS01; BGF_BGF1_SingleFanConfig _AUT;BOOL;;;;;;;0 = OFF, 1 = ON, 2 = AUT;;;;
 BGF_BGF1_AL5Config ;AS01; BGF_BGF1_SingleFanConfig _AL5;BOOL;;;;;;;Handställningslarm;;;p:C;
 FL01_OMK1_V ;AS01; FL01_OMK1_OverrideSwitch _V;BOOL;;;;;;;Tillåt start;;;;
 FL01_OMK1_AUT ;AS01; FL01_OMK1_OverrideSwitch _AUT;BOOL;;;;;;;0 = OFF, 1 = ON, 2 = AUT;;;;
 FL01_OMK1_V ;AS01; FL01_OMK1_OverrideSwitch _V;BOOL;;;;;;;Tillåt start;;;;
 FL01_OMK1_AUT ;AS01; FL01_OMK1_OverrideSwitch _AUT;BOOL;;;;;;;0 = OFF, 1 = ON, 2 = AUT;;;;
 FL01_OMK1_V3 ;AS01; FL01_OMK1_AlarmTimer _V3;BOOL;;;;;;;Larmindikering;;;;
 FL01_OMK1_AD ;AS01; FL01_OMK1_AlarmTimer _AD;BOOL;;;;;s;;Larmfördröjning;;;;
 FL01_OMK1_V3 ;AS01; FL01_OMK1_AlarmTimer _V3;BOOL;;;;;;;Larmindikering;;;;
 FL01_OMK1_AD ;AS01; FL01_OMK1_AlarmTimer _AD;BOOL;;;;;s;;Larmfördröjning;;;;
 FL01_FF1_V ;AS01; FL01_FF1_SingleFan _V;BOOL;;;;;;;Driftindikering;;;;
 FL01_FF1_CMD ;AS01; FL01_FF1_SingleFan _CMD;BOOL;;;;;;;Startorder;;;;
 FL01_FF1_AUT ;AS01; FL01_FF1_SingleFan _AUT;BOOL;;;;;;;0 = OFF, 1 = ON, 2 = AUT;;;;
 FL01_FF1_AL5 ;AS01; FL01_FF1_SingleFan _AL5;BOOL;;;;;;;Handställningslarm;;;p:C;
 FL01_FF1_V ;AS01; FL01_FF1_SingleFan _V;BOOL;;;;;;;Driftindikering;;;;
 FL01_FF1_CMD ;AS01; FL01_FF1_SingleFan _CMD;BOOL;;;;;;;Startorder;;;;
 FL01_FF1_AUT ;AS01; FL01_FF1_SingleFan _AUT;BOOL;;;;;;;0 = OFF, 1 = ON, 2 = AUT;;;;
 FL01_FF1_AL5 ;AS01; FL01_FF1_SingleFan _AL5;BOOL;;;;;;;Handställningslarm;;;p:C;
 FL01_FF1_OP ;AS01; FL01_FF1_AnalogObject _OP;BOOL;;;;;%;0;Utsignal;;;;
 FL01_FF1_OP ;AS01; FL01_FF1_AnalogObject _OP;BOOL;;;;;%;0;Utsignal;;;;
 FL01_GX_PV1_koldioxid ;AS01; FL01_GX_PV1_koldioxid _P;BOOL;;;;;;;;;;;
 FL01_GX_PV1_koldioxid ;AS01; FL01_GX_PV1_koldioxid _P;BOOL;;;;;;;;;;;
 FL01_GX_PV2_koldioxid ;AS01; FL01_GX_PV2_koldioxid _P;BOOL;;;;;;;;;;;
 FL01_GX_PV2_koldioxid ;AS01; FL01_GX_PV2_koldioxid _P;BOOL;;;;;;;;;;;
 FL01_OMK1_AD ;AS01; FL01_OMK1_AlarmTimerConfig _AD;BOOL;;;;;s;;Larmfördröjning;;;;
 FL01_OMK1_V3Config ;AS01; FL01_OMK1_AlarmTimerConfig _V3;BOOL;;;;;;;Larmindikering;;;;
 FL01_OMK1_ADConfig ;AS01; FL01_OMK1_AlarmTimerConfig _AD;BOOL;;;;;s;;Larmfördröjning;;;;
 FL01_OMK1_AD ;AS01; FL01_OMK1_AlarmTimerConfig _AD;BOOL;;;;;s;;Larmfördröjning;;;;
 FL01_OMK1_V3Config ;AS01; FL01_OMK1_AlarmTimerConfig _V3;BOOL;;;;;;;Larmindikering;;;;
 FL01_OMK1_ADConfig ;AS01; FL01_OMK1_AlarmTimerConfig _AD;BOOL;;;;;s;;Larmfördröjning;;;;
 FL01_FF1_SP5 ;AS01; FL01_FF1_SingleFanConfig _SP5;BOOL;;;;;s;;Frånslagsfördröjning;;;;
 FL01_FF1_SP6 ;AS01; FL01_FF1_SingleFanConfig _SP6;BOOL;;;;;s;;Tillslagsfördröjning;;;;
 FL01_FF1_AD ;AS01; FL01_FF1_SingleFanConfig _AD;BOOL;;;;;s;;Larmfördröjning;;;;
 FL01_FF1_VConfig ;AS01; FL01_FF1_SingleFanConfig _V;BOOL;;;;;;;Driftindikering;;;;
 FL01_FF1_CMDConfig ;AS01; FL01_FF1_SingleFanConfig _CMD;BOOL;;;;;;;Startorder;;;;
 FL01_FF1_AUTConfig ;AS01; FL01_FF1_SingleFanConfig _AUT;BOOL;;;;;;;0 = OFF, 1 = ON, 2 = AUT;;;;
 FL01_FF1_AL5Config ;AS01; FL01_FF1_SingleFanConfig _AL5;BOOL;;;;;;;Handställningslarm;;;p:C;
 FL01_FF1_SP5 ;AS01; FL01_FF1_SingleFanConfig _SP5;BOOL;;;;;s;;Frånslagsfördröjning;;;;
 FL01_FF1_SP6 ;AS01; FL01_FF1_SingleFanConfig _SP6;BOOL;;;;;s;;Tillslagsfördröjning;;;;
 FL01_FF1_AD ;AS01; FL01_FF1_SingleFanConfig _AD;BOOL;;;;;s;;Larmfördröjning;;;;
 FL01_FF1_VConfig ;AS01; FL01_FF1_SingleFanConfig _V;BOOL;;;;;;;Driftindikering;;;;
 FL01_FF1_CMDConfig ;AS01; FL01_FF1_SingleFanConfig _CMD;BOOL;;;;;;;Startorder;;;;
 FL01_FF1_AUTConfig ;AS01; FL01_FF1_SingleFanConfig _AUT;BOOL;;;;;;;0 = OFF, 1 = ON, 2 = AUT;;;;
 FL01_FF1_AL5Config ;AS01; FL01_FF1_SingleFanConfig _AL5;BOOL;;;;;;;Handställningslarm;;;p:C;
 AS1_SYSTEM_PV2_import ;AS01; AS1_SYSTEM_PV2_import _P;BOOL;;;;;;;;;;;
 AS1_SYSTEM_PV2_import ;AS01; AS1_SYSTEM_PV2_import _P;BOOL;;;;;;;;;;;
 AS1_TC1_CMD ;AS01; AS1_TC1_ScheduleWeekdays _CMD;BOOL;;;;;;;Tidkanal aktiv;;;;
 AS1_TC1_AUT ;AS01; AS1_TC1_ScheduleWeekdays _AUT;BOOL;;;;;;;0 = OFF, 1 = ON, 2 = AUT;;;;
 AS1_TC1_AL5 ;AS01; AS1_TC1_ScheduleWeekdays _AL5;BOOL;;;;;;;Handställningslarm;;;p:C;
 AS1_TC1_CMD ;AS01; AS1_TC1_ScheduleWeekdays _CMD;BOOL;;;;;;;Tidkanal aktiv;;;;
 AS1_TC1_AUT ;AS01; AS1_TC1_ScheduleWeekdays _AUT;BOOL;;;;;;;0 = OFF, 1 = ON, 2 = AUT;;;;
 AS1_TC1_AL5 ;AS01; AS1_TC1_ScheduleWeekdays _AL5;BOOL;;;;;;;Handställningslarm;;;p:C;
 AS1_TC2_CMD ;AS01; AS1_TC2_ScheduleWeekdays _CMD;BOOL;;;;;;;Tidkanal aktiv;;;;
 AS1_TC2_AUT ;AS01; AS1_TC2_ScheduleWeekdays _AUT;BOOL;;;;;;;0 = OFF, 1 = ON, 2 = AUT;;;;
 AS1_TC2_AL5 ;AS01; AS1_TC2_ScheduleWeekdays _AL5;BOOL;;;;;;;Handställningslarm;;;p:C;
 AS1_TC2_CMD ;AS01; AS1_TC2_ScheduleWeekdays _CMD;BOOL;;;;;;;Tidkanal aktiv;;;;
 AS1_TC2_AUT ;AS01; AS1_TC2_ScheduleWeekdays _AUT;BOOL;;;;;;;0 = OFF, 1 = ON, 2 = AUT;;;;
 AS1_TC2_AL5 ;AS01; AS1_TC2_ScheduleWeekdays _AL5;BOOL;;;;;;;Handställningslarm;;;p:C;
 AS1_TC3_CMD ;AS01; AS1_TC3_ScheduleWeekdays _CMD;BOOL;;;;;;;Tidkanal aktiv;;;;
 AS1_TC3_AUT ;AS01; AS1_TC3_ScheduleWeekdays _AUT;BOOL;;;;;;;0 = OFF, 1 = ON, 2 = AUT;;;;
 AS1_TC3_AL5 ;AS01; AS1_TC3_ScheduleWeekdays _AL5;BOOL;;;;;;;Handställningslarm;;;p:C;
 AS1_TC3_CMD ;AS01; AS1_TC3_ScheduleWeekdays _CMD;BOOL;;;;;;;Tidkanal aktiv;;;;
 AS1_TC3_AUT ;AS01; AS1_TC3_ScheduleWeekdays _AUT;BOOL;;;;;;;0 = OFF, 1 = ON, 2 = AUT;;;;
 AS1_TC3_AL5 ;AS01; AS1_TC3_ScheduleWeekdays _AL5;BOOL;;;;;;;Handställningslarm;;;p:C;
 AS1_TC4_CMD ;AS01; AS1_TC4_ScheduleWeekdays _CMD;BOOL;;;;;;;Tidkanal aktiv;;;;
 AS1_TC4_AUT ;AS01; AS1_TC4_ScheduleWeekdays _AUT;BOOL;;;;;;;0 = OFF, 1 = ON, 2 = AUT;;;;
 AS1_TC4_AL5 ;AS01; AS1_TC4_ScheduleWeekdays _AL5;BOOL;;;;;;;Handställningslarm;;;p:C;
 AS1_TC4_CMD ;AS01; AS1_TC4_ScheduleWeekdays _CMD;BOOL;;;;;;;Tidkanal aktiv;;;;
 AS1_TC4_AUT ;AS01; AS1_TC4_ScheduleWeekdays _AUT;BOOL;;;;;;;0 = OFF, 1 = ON, 2 = AUT;;;;
 AS1_TC4_AL5 ;AS01; AS1_TC4_ScheduleWeekdays _AL5;BOOL;;;;;;;Handställningslarm;;;p:C;
 AS1_TC5_CMD ;AS01; AS1_TC5_ScheduleWeekdays _CMD;BOOL;;;;;;;Tidkanal aktiv;;;;
 AS1_TC5_AUT ;AS01; AS1_TC5_ScheduleWeekdays _AUT;BOOL;;;;;;;0 = OFF, 1 = ON, 2 = AUT;;;;
 AS1_TC5_AL5 ;AS01; AS1_TC5_ScheduleWeekdays _AL5;BOOL;;;;;;;Handställningslarm;;;p:C;
 AS1_TC5_CMD ;AS01; AS1_TC5_ScheduleWeekdays _CMD;BOOL;;;;;;;Tidkanal aktiv;;;;
 AS1_TC5_AUT ;AS01; AS1_TC5_ScheduleWeekdays _AUT;BOOL;;;;;;;0 = OFF, 1 = ON, 2 = AUT;;;;
 AS1_TC5_AL5 ;AS01; AS1_TC5_ScheduleWeekdays _AL5;BOOL;;;;;;;Handställningslarm;;;p:C;
 AS1_HISS1_V3 ;AS01; AS1_HISS1_AlarmTimer _V3;BOOL;;;;;;;Larmindikering;;;;
 AS1_HISS1_AD ;AS01; AS1_HISS1_AlarmTimer _AD;BOOL;;;;;s;;Larmfördröjning;;;;
 AS1_HISS1_V3 ;AS01; AS1_HISS1_AlarmTimer _V3;BOOL;;;;;;;Larmindikering;;;;
 AS1_HISS1_AD ;AS01; AS1_HISS1_AlarmTimer _AD;BOOL;;;;;s;;Larmfördröjning;;;;
 AS1_HISS2_V3 ;AS01; AS1_HISS2_AlarmTimer _V3;BOOL;;;;;;;Larmindikering;;;;
 AS1_HISS2_AD ;AS01; AS1_HISS2_AlarmTimer _AD;BOOL;;;;;s;;Larmfördröjning;;;;
 AS1_HISS2_V3 ;AS01; AS1_HISS2_AlarmTimer _V3;BOOL;;;;;;;Larmindikering;;;;
 AS1_HISS2_AD ;AS01; AS1_HISS2_AlarmTimer _AD;BOOL;;;;;s;;Larmfördröjning;;;;
 AS1_HISS3_V3 ;AS01; AS1_HISS3_AlarmTimer _V3;BOOL;;;;;;;Larmindikering;;;;
 AS1_HISS3_AD ;AS01; AS1_HISS3_AlarmTimer _AD;BOOL;;;;;s;;Larmfördröjning;;;;
 AS1_HISS3_V3 ;AS01; AS1_HISS3_AlarmTimer _V3;BOOL;;;;;;;Larmindikering;;;;
 AS1_HISS3_AD ;AS01; AS1_HISS3_AlarmTimer _AD;BOOL;;;;;s;;Larmfördröjning;;;;
 AS1_OS1_V3 ;AS01; AS1_OS1_AlarmTimer _V3;BOOL;;;;;;;Larmindikering;;;;
 AS1_OS1_AD ;AS01; AS1_OS1_AlarmTimer _AD;BOOL;;;;;s;;Larmfördröjning;;;;
 AS1_OS1_V3 ;AS01; AS1_OS1_AlarmTimer _V3;BOOL;;;;;;;Larmindikering;;;;
 AS1_OS1_AD ;AS01; AS1_OS1_AlarmTimer _AD;BOOL;;;;;s;;Larmfördröjning;;;;
 AS1_AF1_V3 ;AS01; AS1_AF1_AlarmTimer _V3;BOOL;;;;;;;Larmindikering;;;;
 AS1_AF1_AD ;AS01; AS1_AF1_AlarmTimer _AD;BOOL;;;;;s;;Larmfördröjning;;;;
 AS1_AF1_V3 ;AS01; AS1_AF1_AlarmTimer _V3;BOOL;;;;;;;Larmindikering;;;;
 AS1_AF1_AD ;AS01; AS1_AF1_AlarmTimer _AD;BOOL;;;;;s;;Larmfördröjning;;;;
 AS1_FS1_V3 ;AS01; AS1_FS1_AlarmTimer _V3;BOOL;;;;;;;Larmindikering;;;;
 AS1_FS1_AD ;AS01; AS1_FS1_AlarmTimer _AD;BOOL;;;;;s;;Larmfördröjning;;;;
 AS1_FS1_V3 ;AS01; AS1_FS1_AlarmTimer _V3;BOOL;;;;;;;Larmindikering;;;;
 AS1_FS1_AD ;AS01; AS1_FS1_AlarmTimer _AD;BOOL;;;;;s;;Larmfördröjning;;;;
 AS1_CBL_V3 ;AS01; AS1_CBL_AlarmTimer _V3;BOOL;;;;;;;Larmindikering;;;;
 AS1_CBL_AD ;AS01; AS1_CBL_AlarmTimer _AD;BOOL;;;;;s;;Larmfördröjning;;;;
 AS1_CBL_V3 ;AS01; AS1_CBL_AlarmTimer _V3;BOOL;;;;;;;Larmindikering;;;;
 AS1_CBL_AD ;AS01; AS1_CBL_AlarmTimer _AD;BOOL;;;;;s;;Larmfördröjning;;;;
 AS1_TC1_CT1 ;AS01; AS1_TC1_ScheduleWeekdaysConfig _CT1;BOOL;;;;;hh:mm;00:00;Måndag;;;;
 AS1_TC1_CT2 ;AS01; AS1_TC1_ScheduleWeekdaysConfig _CT2;BOOL;;;;;hh:mm;00:00;Tisdag;;;;
 AS1_TC1_CT3 ;AS01; AS1_TC1_ScheduleWeekdaysConfig _CT3;BOOL;;;;;hh:mm;00:00;Onsdag;;;;
 AS1_TC1_CT4 ;AS01; AS1_TC1_ScheduleWeekdaysConfig _CT4;BOOL;;;;;hh:mm;00:00;Torsdag;;;;
 AS1_TC1_CT5 ;AS01; AS1_TC1_ScheduleWeekdaysConfig _CT5;BOOL;;;;;hh:mm;00:00;Fredag;;;;
 AS1_TC1_CT6 ;AS01; AS1_TC1_ScheduleWeekdaysConfig _CT6;BOOL;;;;;hh:mm;00:00;Lördag;;;;
 AS1_TC1_CT7 ;AS01; AS1_TC1_ScheduleWeekdaysConfig _CT7;BOOL;;;;;hh:mm;00:00;Söndag;;;;
 AS1_TC1_CF1 ;AS01; AS1_TC1_ScheduleWeekdaysConfig _CF1;BOOL;;;;;hh:mm;00:00;Måndag;;;;
 AS1_TC1_CF2 ;AS01; AS1_TC1_ScheduleWeekdaysConfig _CF2;BOOL;;;;;hh:mm;00:00;Tisdag;;;;
 AS1_TC1_CF3 ;AS01; AS1_TC1_ScheduleWeekdaysConfig _CF3;BOOL;;;;;hh:mm;00:00;Onsdag;;;;
 AS1_TC1_CF4 ;AS01; AS1_TC1_ScheduleWeekdaysConfig _CF4;BOOL;;;;;hh:mm;00:00;Torsdag;;;;
 AS1_TC1_CF5 ;AS01; AS1_TC1_ScheduleWeekdaysConfig _CF5;BOOL;;;;;hh:mm;00:00;Fredag;;;;
 AS1_TC1_CF6 ;AS01; AS1_TC1_ScheduleWeekdaysConfig _CF6;BOOL;;;;;hh:mm;00:00;Lördag;;;;
 AS1_TC1_CF7 ;AS01; AS1_TC1_ScheduleWeekdaysConfig _CF7;BOOL;;;;;hh:mm;00:00;Söndag;;;;
 AS1_TC1_CMDConfig ;AS01; AS1_TC1_ScheduleWeekdaysConfig _CMD;BOOL;;;;;;;Tidkanal aktiv;;;;
 AS1_TC1_AUTConfig ;AS01; AS1_TC1_ScheduleWeekdaysConfig _AUT;BOOL;;;;;;;0 = OFF, 1 = ON, 2 = AUT;;;;
 AS1_TC1_AL5Config ;AS01; AS1_TC1_ScheduleWeekdaysConfig _AL5;BOOL;;;;;;;Handställningslarm;;;p:C;
 AS1_TC1_CT1 ;AS01; AS1_TC1_ScheduleWeekdaysConfig _CT1;BOOL;;;;;hh:mm;00:00;Måndag;;;;
 AS1_TC1_CT2 ;AS01; AS1_TC1_ScheduleWeekdaysConfig _CT2;BOOL;;;;;hh:mm;00:00;Tisdag;;;;
 AS1_TC1_CT3 ;AS01; AS1_TC1_ScheduleWeekdaysConfig _CT3;BOOL;;;;;hh:mm;00:00;Onsdag;;;;
 AS1_TC1_CT4 ;AS01; AS1_TC1_ScheduleWeekdaysConfig _CT4;BOOL;;;;;hh:mm;00:00;Torsdag;;;;
 AS1_TC1_CT5 ;AS01; AS1_TC1_ScheduleWeekdaysConfig _CT5;BOOL;;;;;hh:mm;00:00;Fredag;;;;
 AS1_TC1_CT6 ;AS01; AS1_TC1_ScheduleWeekdaysConfig _CT6;BOOL;;;;;hh:mm;00:00;Lördag;;;;
 AS1_TC1_CT7 ;AS01; AS1_TC1_ScheduleWeekdaysConfig _CT7;BOOL;;;;;hh:mm;00:00;Söndag;;;;
 AS1_TC1_CF1 ;AS01; AS1_TC1_ScheduleWeekdaysConfig _CF1;BOOL;;;;;hh:mm;00:00;Måndag;;;;
 AS1_TC1_CF2 ;AS01; AS1_TC1_ScheduleWeekdaysConfig _CF2;BOOL;;;;;hh:mm;00:00;Tisdag;;;;
 AS1_TC1_CF3 ;AS01; AS1_TC1_ScheduleWeekdaysConfig _CF3;BOOL;;;;;hh:mm;00:00;Onsdag;;;;
 AS1_TC1_CF4 ;AS01; AS1_TC1_ScheduleWeekdaysConfig _CF4;BOOL;;;;;hh:mm;00:00;Torsdag;;;;
 AS1_TC1_CF5 ;AS01; AS1_TC1_ScheduleWeekdaysConfig _CF5;BOOL;;;;;hh:mm;00:00;Fredag;;;;
 AS1_TC1_CF6 ;AS01; AS1_TC1_ScheduleWeekdaysConfig _CF6;BOOL;;;;;hh:mm;00:00;Lördag;;;;
 AS1_TC1_CF7 ;AS01; AS1_TC1_ScheduleWeekdaysConfig _CF7;BOOL;;;;;hh:mm;00:00;Söndag;;;;
 AS1_TC1_CMDConfig ;AS01; AS1_TC1_ScheduleWeekdaysConfig _CMD;BOOL;;;;;;;Tidkanal aktiv;;;;
 AS1_TC1_AUTConfig ;AS01; AS1_TC1_ScheduleWeekdaysConfig _AUT;BOOL;;;;;;;0 = OFF, 1 = ON, 2 = AUT;;;;
 AS1_TC1_AL5Config ;AS01; AS1_TC1_ScheduleWeekdaysConfig _AL5;BOOL;;;;;;;Handställningslarm;;;p:C;
 AS1_TC2_CT1 ;AS01; AS1_TC2_ScheduleWeekdaysConfig _CT1;BOOL;;;;;hh:mm;00:00;Måndag;;;;
 AS1_TC2_CT2 ;AS01; AS1_TC2_ScheduleWeekdaysConfig _CT2;BOOL;;;;;hh:mm;00:00;Tisdag;;;;
 AS1_TC2_CT3 ;AS01; AS1_TC2_ScheduleWeekdaysConfig _CT3;BOOL;;;;;hh:mm;00:00;Onsdag;;;;
 AS1_TC2_CT4 ;AS01; AS1_TC2_ScheduleWeekdaysConfig _CT4;BOOL;;;;;hh:mm;00:00;Torsdag;;;;
 AS1_TC2_CT5 ;AS01; AS1_TC2_ScheduleWeekdaysConfig _CT5;BOOL;;;;;hh:mm;00:00;Fredag;;;;
 AS1_TC2_CT6 ;AS01; AS1_TC2_ScheduleWeekdaysConfig _CT6;BOOL;;;;;hh:mm;00:00;Lördag;;;;
 AS1_TC2_CT7 ;AS01; AS1_TC2_ScheduleWeekdaysConfig _CT7;BOOL;;;;;hh:mm;00:00;Söndag;;;;
 AS1_TC2_CF1 ;AS01; AS1_TC2_ScheduleWeekdaysConfig _CF1;BOOL;;;;;hh:mm;00:00;Måndag;;;;
 AS1_TC2_CF2 ;AS01; AS1_TC2_ScheduleWeekdaysConfig _CF2;BOOL;;;;;hh:mm;00:00;Tisdag;;;;
 AS1_TC2_CF3 ;AS01; AS1_TC2_ScheduleWeekdaysConfig _CF3;BOOL;;;;;hh:mm;00:00;Onsdag;;;;
 AS1_TC2_CF4 ;AS01; AS1_TC2_ScheduleWeekdaysConfig _CF4;BOOL;;;;;hh:mm;00:00;Torsdag;;;;
 AS1_TC2_CF5 ;AS01; AS1_TC2_ScheduleWeekdaysConfig _CF5;BOOL;;;;;hh:mm;00:00;Fredag;;;;
 AS1_TC2_CF6 ;AS01; AS1_TC2_ScheduleWeekdaysConfig _CF6;BOOL;;;;;hh:mm;00:00;Lördag;;;;
 AS1_TC2_CF7 ;AS01; AS1_TC2_ScheduleWeekdaysConfig _CF7;BOOL;;;;;hh:mm;00:00;Söndag;;;;
 AS1_TC2_CMDConfig ;AS01; AS1_TC2_ScheduleWeekdaysConfig _CMD;BOOL;;;;;;;Tidkanal aktiv;;;;
 AS1_TC2_AUTConfig ;AS01; AS1_TC2_ScheduleWeekdaysConfig _AUT;BOOL;;;;;;;0 = OFF, 1 = ON, 2 = AUT;;;;
 AS1_TC2_AL5Config ;AS01; AS1_TC2_ScheduleWeekdaysConfig _AL5;BOOL;;;;;;;Handställningslarm;;;p:C;
 AS1_TC2_CT1 ;AS01; AS1_TC2_ScheduleWeekdaysConfig _CT1;BOOL;;;;;hh:mm;00:00;Måndag;;;;
 AS1_TC2_CT2 ;AS01; AS1_TC2_ScheduleWeekdaysConfig _CT2;BOOL;;;;;hh:mm;00:00;Tisdag;;;;
 AS1_TC2_CT3 ;AS01; AS1_TC2_ScheduleWeekdaysConfig _CT3;BOOL;;;;;hh:mm;00:00;Onsdag;;;;
 AS1_TC2_CT4 ;AS01; AS1_TC2_ScheduleWeekdaysConfig _CT4;BOOL;;;;;hh:mm;00:00;Torsdag;;;;
 AS1_TC2_CT5 ;AS01; AS1_TC2_ScheduleWeekdaysConfig _CT5;BOOL;;;;;hh:mm;00:00;Fredag;;;;
 AS1_TC2_CT6 ;AS01; AS1_TC2_ScheduleWeekdaysConfig _CT6;BOOL;;;;;hh:mm;00:00;Lördag;;;;
 AS1_TC2_CT7 ;AS01; AS1_TC2_ScheduleWeekdaysConfig _CT7;BOOL;;;;;hh:mm;00:00;Söndag;;;;
 AS1_TC2_CF1 ;AS01; AS1_TC2_ScheduleWeekdaysConfig _CF1;BOOL;;;;;hh:mm;00:00;Måndag;;;;
 AS1_TC2_CF2 ;AS01; AS1_TC2_ScheduleWeekdaysConfig _CF2;BOOL;;;;;hh:mm;00:00;Tisdag;;;;
 AS1_TC2_CF3 ;AS01; AS1_TC2_ScheduleWeekdaysConfig _CF3;BOOL;;;;;hh:mm;00:00;Onsdag;;;;
 AS1_TC2_CF4 ;AS01; AS1_TC2_ScheduleWeekdaysConfig _CF4;BOOL;;;;;hh:mm;00:00;Torsdag;;;;
 AS1_TC2_CF5 ;AS01; AS1_TC2_ScheduleWeekdaysConfig _CF5;BOOL;;;;;hh:mm;00:00;Fredag;;;;
 AS1_TC2_CF6 ;AS01; AS1_TC2_ScheduleWeekdaysConfig _CF6;BOOL;;;;;hh:mm;00:00;Lördag;;;;
 AS1_TC2_CF7 ;AS01; AS1_TC2_ScheduleWeekdaysConfig _CF7;BOOL;;;;;hh:mm;00:00;Söndag;;;;
 AS1_TC2_CMDConfig ;AS01; AS1_TC2_ScheduleWeekdaysConfig _CMD;BOOL;;;;;;;Tidkanal aktiv;;;;
 AS1_TC2_AUTConfig ;AS01; AS1_TC2_ScheduleWeekdaysConfig _AUT;BOOL;;;;;;;0 = OFF, 1 = ON, 2 = AUT;;;;
 AS1_TC2_AL5Config ;AS01; AS1_TC2_ScheduleWeekdaysConfig _AL5;BOOL;;;;;;;Handställningslarm;;;p:C;
 AS1_TC3_CT1 ;AS01; AS1_TC3_ScheduleWeekdaysConfig _CT1;BOOL;;;;;hh:mm;00:00;Måndag;;;;
 AS1_TC3_CT2 ;AS01; AS1_TC3_ScheduleWeekdaysConfig _CT2;BOOL;;;;;hh:mm;00:00;Tisdag;;;;
 AS1_TC3_CT3 ;AS01; AS1_TC3_ScheduleWeekdaysConfig _CT3;BOOL;;;;;hh:mm;00:00;Onsdag;;;;
 AS1_TC3_CT4 ;AS01; AS1_TC3_ScheduleWeekdaysConfig _CT4;BOOL;;;;;hh:mm;00:00;Torsdag;;;;
 AS1_TC3_CT5 ;AS01; AS1_TC3_ScheduleWeekdaysConfig _CT5;BOOL;;;;;hh:mm;00:00;Fredag;;;;
 AS1_TC3_CT6 ;AS01; AS1_TC3_ScheduleWeekdaysConfig _CT6;BOOL;;;;;hh:mm;00:00;Lördag;;;;
 AS1_TC3_CT7 ;AS01; AS1_TC3_ScheduleWeekdaysConfig _CT7;BOOL;;;;;hh:mm;00:00;Söndag;;;;
 AS1_TC3_CF1 ;AS01; AS1_TC3_ScheduleWeekdaysConfig _CF1;BOOL;;;;;hh:mm;00:00;Måndag;;;;
 AS1_TC3_CF2 ;AS01; AS1_TC3_ScheduleWeekdaysConfig _CF2;BOOL;;;;;hh:mm;00:00;Tisdag;;;;
 AS1_TC3_CF3 ;AS01; AS1_TC3_ScheduleWeekdaysConfig _CF3;BOOL;;;;;hh:mm;00:00;Onsdag;;;;
 AS1_TC3_CF4 ;AS01; AS1_TC3_ScheduleWeekdaysConfig _CF4;BOOL;;;;;hh:mm;00:00;Torsdag;;;;
 AS1_TC3_CF5 ;AS01; AS1_TC3_ScheduleWeekdaysConfig _CF5;BOOL;;;;;hh:mm;00:00;Fredag;;;;
 AS1_TC3_CF6 ;AS01; AS1_TC3_ScheduleWeekdaysConfig _CF6;BOOL;;;;;hh:mm;00:00;Lördag;;;;
 AS1_TC3_CF7 ;AS01; AS1_TC3_ScheduleWeekdaysConfig _CF7;BOOL;;;;;hh:mm;00:00;Söndag;;;;
 AS1_TC3_CMDConfig ;AS01; AS1_TC3_ScheduleWeekdaysConfig _CMD;BOOL;;;;;;;Tidkanal aktiv;;;;
 AS1_TC3_AUTConfig ;AS01; AS1_TC3_ScheduleWeekdaysConfig _AUT;BOOL;;;;;;;0 = OFF, 1 = ON, 2 = AUT;;;;
 AS1_TC3_AL5Config ;AS01; AS1_TC3_ScheduleWeekdaysConfig _AL5;BOOL;;;;;;;Handställningslarm;;;p:C;
 AS1_TC3_CT1 ;AS01; AS1_TC3_ScheduleWeekdaysConfig _CT1;BOOL;;;;;hh:mm;00:00;Måndag;;;;
 AS1_TC3_CT2 ;AS01; AS1_TC3_ScheduleWeekdaysConfig _CT2;BOOL;;;;;hh:mm;00:00;Tisdag;;;;
 AS1_TC3_CT3 ;AS01; AS1_TC3_ScheduleWeekdaysConfig _CT3;BOOL;;;;;hh:mm;00:00;Onsdag;;;;
 AS1_TC3_CT4 ;AS01; AS1_TC3_ScheduleWeekdaysConfig _CT4;BOOL;;;;;hh:mm;00:00;Torsdag;;;;
 AS1_TC3_CT5 ;AS01; AS1_TC3_ScheduleWeekdaysConfig _CT5;BOOL;;;;;hh:mm;00:00;Fredag;;;;
 AS1_TC3_CT6 ;AS01; AS1_TC3_ScheduleWeekdaysConfig _CT6;BOOL;;;;;hh:mm;00:00;Lördag;;;;
 AS1_TC3_CT7 ;AS01; AS1_TC3_ScheduleWeekdaysConfig _CT7;BOOL;;;;;hh:mm;00:00;Söndag;;;;
 AS1_TC3_CF1 ;AS01; AS1_TC3_ScheduleWeekdaysConfig _CF1;BOOL;;;;;hh:mm;00:00;Måndag;;;;
 AS1_TC3_CF2 ;AS01; AS1_TC3_ScheduleWeekdaysConfig _CF2;BOOL;;;;;hh:mm;00:00;Tisdag;;;;
 AS1_TC3_CF3 ;AS01; AS1_TC3_ScheduleWeekdaysConfig _CF3;BOOL;;;;;hh:mm;00:00;Onsdag;;;;
 AS1_TC3_CF4 ;AS01; AS1_TC3_ScheduleWeekdaysConfig _CF4;BOOL;;;;;hh:mm;00:00;Torsdag;;;;
 AS1_TC3_CF5 ;AS01; AS1_TC3_ScheduleWeekdaysConfig _CF5;BOOL;;;;;hh:mm;00:00;Fredag;;;;
 AS1_TC3_CF6 ;AS01; AS1_TC3_ScheduleWeekdaysConfig _CF6;BOOL;;;;;hh:mm;00:00;Lördag;;;;
 AS1_TC3_CF7 ;AS01; AS1_TC3_ScheduleWeekdaysConfig _CF7;BOOL;;;;;hh:mm;00:00;Söndag;;;;
 AS1_TC3_CMDConfig ;AS01; AS1_TC3_ScheduleWeekdaysConfig _CMD;BOOL;;;;;;;Tidkanal aktiv;;;;
 AS1_TC3_AUTConfig ;AS01; AS1_TC3_ScheduleWeekdaysConfig _AUT;BOOL;;;;;;;0 = OFF, 1 = ON, 2 = AUT;;;;
 AS1_TC3_AL5Config ;AS01; AS1_TC3_ScheduleWeekdaysConfig _AL5;BOOL;;;;;;;Handställningslarm;;;p:C;
 AS1_TC4_CT1 ;AS01; AS1_TC4_ScheduleWeekdaysConfig _CT1;BOOL;;;;;hh:mm;00:00;Måndag;;;;
 AS1_TC4_CT2 ;AS01; AS1_TC4_ScheduleWeekdaysConfig _CT2;BOOL;;;;;hh:mm;00:00;Tisdag;;;;
 AS1_TC4_CT3 ;AS01; AS1_TC4_ScheduleWeekdaysConfig _CT3;BOOL;;;;;hh:mm;00:00;Onsdag;;;;
 AS1_TC4_CT4 ;AS01; AS1_TC4_ScheduleWeekdaysConfig _CT4;BOOL;;;;;hh:mm;00:00;Torsdag;;;;
 AS1_TC4_CT5 ;AS01; AS1_TC4_ScheduleWeekdaysConfig _CT5;BOOL;;;;;hh:mm;00:00;Fredag;;;;
 AS1_TC4_CT6 ;AS01; AS1_TC4_ScheduleWeekdaysConfig _CT6;BOOL;;;;;hh:mm;00:00;Lördag;;;;
 AS1_TC4_CT7 ;AS01; AS1_TC4_ScheduleWeekdaysConfig _CT7;BOOL;;;;;hh:mm;00:00;Söndag;;;;
 AS1_TC4_CF1 ;AS01; AS1_TC4_ScheduleWeekdaysConfig _CF1;BOOL;;;;;hh:mm;00:00;Måndag;;;;
 AS1_TC4_CF2 ;AS01; AS1_TC4_ScheduleWeekdaysConfig _CF2;BOOL;;;;;hh:mm;00:00;Tisdag;;;;
 AS1_TC4_CF3 ;AS01; AS1_TC4_ScheduleWeekdaysConfig _CF3;BOOL;;;;;hh:mm;00:00;Onsdag;;;;
 AS1_TC4_CF4 ;AS01; AS1_TC4_ScheduleWeekdaysConfig _CF4;BOOL;;;;;hh:mm;00:00;Torsdag;;;;
 AS1_TC4_CF5 ;AS01; AS1_TC4_ScheduleWeekdaysConfig _CF5;BOOL;;;;;hh:mm;00:00;Fredag;;;;
 AS1_TC4_CF6 ;AS01; AS1_TC4_ScheduleWeekdaysConfig _CF6;BOOL;;;;;hh:mm;00:00;Lördag;;;;
 AS1_TC4_CF7 ;AS01; AS1_TC4_ScheduleWeekdaysConfig _CF7;BOOL;;;;;hh:mm;00:00;Söndag;;;;
 AS1_TC4_CMDConfig ;AS01; AS1_TC4_ScheduleWeekdaysConfig _CMD;BOOL;;;;;;;Tidkanal aktiv;;;;
 AS1_TC4_AUTConfig ;AS01; AS1_TC4_ScheduleWeekdaysConfig _AUT;BOOL;;;;;;;0 = OFF, 1 = ON, 2 = AUT;;;;
 AS1_TC4_AL5Config ;AS01; AS1_TC4_ScheduleWeekdaysConfig _AL5;BOOL;;;;;;;Handställningslarm;;;p:C;
 AS1_TC4_CT1 ;AS01; AS1_TC4_ScheduleWeekdaysConfig _CT1;BOOL;;;;;hh:mm;00:00;Måndag;;;;
 AS1_TC4_CT2 ;AS01; AS1_TC4_ScheduleWeekdaysConfig _CT2;BOOL;;;;;hh:mm;00:00;Tisdag;;;;
 AS1_TC4_CT3 ;AS01; AS1_TC4_ScheduleWeekdaysConfig _CT3;BOOL;;;;;hh:mm;00:00;Onsdag;;;;
 AS1_TC4_CT4 ;AS01; AS1_TC4_ScheduleWeekdaysConfig _CT4;BOOL;;;;;hh:mm;00:00;Torsdag;;;;
 AS1_TC4_CT5 ;AS01; AS1_TC4_ScheduleWeekdaysConfig _CT5;BOOL;;;;;hh:mm;00:00;Fredag;;;;
 AS1_TC4_CT6 ;AS01; AS1_TC4_ScheduleWeekdaysConfig _CT6;BOOL;;;;;hh:mm;00:00;Lördag;;;;
 AS1_TC4_CT7 ;AS01; AS1_TC4_ScheduleWeekdaysConfig _CT7;BOOL;;;;;hh:mm;00:00;Söndag;;;;
 AS1_TC4_CF1 ;AS01; AS1_TC4_ScheduleWeekdaysConfig _CF1;BOOL;;;;;hh:mm;00:00;Måndag;;;;
 AS1_TC4_CF2 ;AS01; AS1_TC4_ScheduleWeekdaysConfig _CF2;BOOL;;;;;hh:mm;00:00;Tisdag;;;;
 AS1_TC4_CF3 ;AS01; AS1_TC4_ScheduleWeekdaysConfig _CF3;BOOL;;;;;hh:mm;00:00;Onsdag;;;;
 AS1_TC4_CF4 ;AS01; AS1_TC4_ScheduleWeekdaysConfig _CF4;BOOL;;;;;hh:mm;00:00;Torsdag;;;;
 AS1_TC4_CF5 ;AS01; AS1_TC4_ScheduleWeekdaysConfig _CF5;BOOL;;;;;hh:mm;00:00;Fredag;;;;
 AS1_TC4_CF6 ;AS01; AS1_TC4_ScheduleWeekdaysConfig _CF6;BOOL;;;;;hh:mm;00:00;Lördag;;;;
 AS1_TC4_CF7 ;AS01; AS1_TC4_ScheduleWeekdaysConfig _CF7;BOOL;;;;;hh:mm;00:00;Söndag;;;;
 AS1_TC4_CMDConfig ;AS01; AS1_TC4_ScheduleWeekdaysConfig _CMD;BOOL;;;;;;;Tidkanal aktiv;;;;
 AS1_TC4_AUTConfig ;AS01; AS1_TC4_ScheduleWeekdaysConfig _AUT;BOOL;;;;;;;0 = OFF, 1 = ON, 2 = AUT;;;;
 AS1_TC4_AL5Config ;AS01; AS1_TC4_ScheduleWeekdaysConfig _AL5;BOOL;;;;;;;Handställningslarm;;;p:C;
 AS1_TC5_CT1 ;AS01; AS1_TC5_ScheduleWeekdaysConfig _CT1;BOOL;;;;;hh:mm;00:00;Måndag;;;;
 AS1_TC5_CT2 ;AS01; AS1_TC5_ScheduleWeekdaysConfig _CT2;BOOL;;;;;hh:mm;00:00;Tisdag;;;;
 AS1_TC5_CT3 ;AS01; AS1_TC5_ScheduleWeekdaysConfig _CT3;BOOL;;;;;hh:mm;00:00;Onsdag;;;;
 AS1_TC5_CT4 ;AS01; AS1_TC5_ScheduleWeekdaysConfig _CT4;BOOL;;;;;hh:mm;00:00;Torsdag;;;;
 AS1_TC5_CT5 ;AS01; AS1_TC5_ScheduleWeekdaysConfig _CT5;BOOL;;;;;hh:mm;00:00;Fredag;;;;
 AS1_TC5_CT6 ;AS01; AS1_TC5_ScheduleWeekdaysConfig _CT6;BOOL;;;;;hh:mm;00:00;Lördag;;;;
 AS1_TC5_CT7 ;AS01; AS1_TC5_ScheduleWeekdaysConfig _CT7;BOOL;;;;;hh:mm;00:00;Söndag;;;;
 AS1_TC5_CF1 ;AS01; AS1_TC5_ScheduleWeekdaysConfig _CF1;BOOL;;;;;hh:mm;00:00;Måndag;;;;
 AS1_TC5_CF2 ;AS01; AS1_TC5_ScheduleWeekdaysConfig _CF2;BOOL;;;;;hh:mm;00:00;Tisdag;;;;
 AS1_TC5_CF3 ;AS01; AS1_TC5_ScheduleWeekdaysConfig _CF3;BOOL;;;;;hh:mm;00:00;Onsdag;;;;
 AS1_TC5_CF4 ;AS01; AS1_TC5_ScheduleWeekdaysConfig _CF4;BOOL;;;;;hh:mm;00:00;Torsdag;;;;
 AS1_TC5_CF5 ;AS01; AS1_TC5_ScheduleWeekdaysConfig _CF5;BOOL;;;;;hh:mm;00:00;Fredag;;;;
 AS1_TC5_CF6 ;AS01; AS1_TC5_ScheduleWeekdaysConfig _CF6;BOOL;;;;;hh:mm;00:00;Lördag;;;;
 AS1_TC5_CF7 ;AS01; AS1_TC5_ScheduleWeekdaysConfig _CF7;BOOL;;;;;hh:mm;00:00;Söndag;;;;
 AS1_TC5_CMDConfig ;AS01; AS1_TC5_ScheduleWeekdaysConfig _CMD;BOOL;;;;;;;Tidkanal aktiv;;;;
 AS1_TC5_AUTConfig ;AS01; AS1_TC5_ScheduleWeekdaysConfig _AUT;BOOL;;;;;;;0 = OFF, 1 = ON, 2 = AUT;;;;
 AS1_TC5_AL5Config ;AS01; AS1_TC5_ScheduleWeekdaysConfig _AL5;BOOL;;;;;;;Handställningslarm;;;p:C;
 AS1_TC5_CT1 ;AS01; AS1_TC5_ScheduleWeekdaysConfig _CT1;BOOL;;;;;hh:mm;00:00;Måndag;;;;
 AS1_TC5_CT2 ;AS01; AS1_TC5_ScheduleWeekdaysConfig _CT2;BOOL;;;;;hh:mm;00:00;Tisdag;;;;
 AS1_TC5_CT3 ;AS01; AS1_TC5_ScheduleWeekdaysConfig _CT3;BOOL;;;;;hh:mm;00:00;Onsdag;;;;
 AS1_TC5_CT4 ;AS01; AS1_TC5_ScheduleWeekdaysConfig _CT4;BOOL;;;;;hh:mm;00:00;Torsdag;;;;
 AS1_TC5_CT5 ;AS01; AS1_TC5_ScheduleWeekdaysConfig _CT5;BOOL;;;;;hh:mm;00:00;Fredag;;;;
 AS1_TC5_CT6 ;AS01; AS1_TC5_ScheduleWeekdaysConfig _CT6;BOOL;;;;;hh:mm;00:00;Lördag;;;;
 AS1_TC5_CT7 ;AS01; AS1_TC5_ScheduleWeekdaysConfig _CT7;BOOL;;;;;hh:mm;00:00;Söndag;;;;
 AS1_TC5_CF1 ;AS01; AS1_TC5_ScheduleWeekdaysConfig _CF1;BOOL;;;;;hh:mm;00:00;Måndag;;;;
 AS1_TC5_CF2 ;AS01; AS1_TC5_ScheduleWeekdaysConfig _CF2;BOOL;;;;;hh:mm;00:00;Tisdag;;;;
 AS1_TC5_CF3 ;AS01; AS1_TC5_ScheduleWeekdaysConfig _CF3;BOOL;;;;;hh:mm;00:00;Onsdag;;;;
 AS1_TC5_CF4 ;AS01; AS1_TC5_ScheduleWeekdaysConfig _CF4;BOOL;;;;;hh:mm;00:00;Torsdag;;;;
 AS1_TC5_CF5 ;AS01; AS1_TC5_ScheduleWeekdaysConfig _CF5;BOOL;;;;;hh:mm;00:00;Fredag;;;;
 AS1_TC5_CF6 ;AS01; AS1_TC5_ScheduleWeekdaysConfig _CF6;BOOL;;;;;hh:mm;00:00;Lördag;;;;
 AS1_TC5_CF7 ;AS01; AS1_TC5_ScheduleWeekdaysConfig _CF7;BOOL;;;;;hh:mm;00:00;Söndag;;;;
 AS1_TC5_CMDConfig ;AS01; AS1_TC5_ScheduleWeekdaysConfig _CMD;BOOL;;;;;;;Tidkanal aktiv;;;;
 AS1_TC5_AUTConfig ;AS01; AS1_TC5_ScheduleWeekdaysConfig _AUT;BOOL;;;;;;;0 = OFF, 1 = ON, 2 = AUT;;;;
 AS1_TC5_AL5Config ;AS01; AS1_TC5_ScheduleWeekdaysConfig _AL5;BOOL;;;;;;;Handställningslarm;;;p:C;
 AS1_HISS1_AD ;AS01; AS1_HISS1_AlarmTimerConfig _AD;BOOL;;;;;s;;Larmfördröjning;;;;
 AS1_HISS1_V3Config ;AS01; AS1_HISS1_AlarmTimerConfig _V3;BOOL;;;;;;;Larmindikering;;;;
 AS1_HISS1_ADConfig ;AS01; AS1_HISS1_AlarmTimerConfig _AD;BOOL;;;;;s;;Larmfördröjning;;;;
 AS1_HISS1_AD ;AS01; AS1_HISS1_AlarmTimerConfig _AD;BOOL;;;;;s;;Larmfördröjning;;;;
 AS1_HISS1_V3Config ;AS01; AS1_HISS1_AlarmTimerConfig _V3;BOOL;;;;;;;Larmindikering;;;;
 AS1_HISS1_ADConfig ;AS01; AS1_HISS1_AlarmTimerConfig _AD;BOOL;;;;;s;;Larmfördröjning;;;;
 AS1_HISS2_AD ;AS01; AS1_HISS2_AlarmTimerConfig _AD;BOOL;;;;;s;;Larmfördröjning;;;;
 AS1_HISS2_V3Config ;AS01; AS1_HISS2_AlarmTimerConfig _V3;BOOL;;;;;;;Larmindikering;;;;
 AS1_HISS2_ADConfig ;AS01; AS1_HISS2_AlarmTimerConfig _AD;BOOL;;;;;s;;Larmfördröjning;;;;
 AS1_HISS2_AD ;AS01; AS1_HISS2_AlarmTimerConfig _AD;BOOL;;;;;s;;Larmfördröjning;;;;
 AS1_HISS2_V3Config ;AS01; AS1_HISS2_AlarmTimerConfig _V3;BOOL;;;;;;;Larmindikering;;;;
 AS1_HISS2_ADConfig ;AS01; AS1_HISS2_AlarmTimerConfig _AD;BOOL;;;;;s;;Larmfördröjning;;;;
 AS1_HISS3_AD ;AS01; AS1_HISS3_AlarmTimerConfig _AD;BOOL;;;;;s;;Larmfördröjning;;;;
 AS1_HISS3_V3Config ;AS01; AS1_HISS3_AlarmTimerConfig _V3;BOOL;;;;;;;Larmindikering;;;;
 AS1_HISS3_ADConfig ;AS01; AS1_HISS3_AlarmTimerConfig _AD;BOOL;;;;;s;;Larmfördröjning;;;;
 AS1_HISS3_AD ;AS01; AS1_HISS3_AlarmTimerConfig _AD;BOOL;;;;;s;;Larmfördröjning;;;;
 AS1_HISS3_V3Config ;AS01; AS1_HISS3_AlarmTimerConfig _V3;BOOL;;;;;;;Larmindikering;;;;
 AS1_HISS3_ADConfig ;AS01; AS1_HISS3_AlarmTimerConfig _AD;BOOL;;;;;s;;Larmfördröjning;;;;
 AS1_OS1_AD ;AS01; AS1_OS1_AlarmTimerConfig _AD;BOOL;;;;;s;;Larmfördröjning;;;;
 AS1_OS1_V3Config ;AS01; AS1_OS1_AlarmTimerConfig _V3;BOOL;;;;;;;Larmindikering;;;;
 AS1_OS1_ADConfig ;AS01; AS1_OS1_AlarmTimerConfig _AD;BOOL;;;;;s;;Larmfördröjning;;;;
 AS1_OS1_AD ;AS01; AS1_OS1_AlarmTimerConfig _AD;BOOL;;;;;s;;Larmfördröjning;;;;
 AS1_OS1_V3Config ;AS01; AS1_OS1_AlarmTimerConfig _V3;BOOL;;;;;;;Larmindikering;;;;
 AS1_OS1_ADConfig ;AS01; AS1_OS1_AlarmTimerConfig _AD;BOOL;;;;;s;;Larmfördröjning;;;;
 AS1_AF1_AD ;AS01; AS1_AF1_AlarmTimerConfig _AD;BOOL;;;;;s;;Larmfördröjning;;;;
 AS1_AF1_V3Config ;AS01; AS1_AF1_AlarmTimerConfig _V3;BOOL;;;;;;;Larmindikering;;;;
 AS1_AF1_ADConfig ;AS01; AS1_AF1_AlarmTimerConfig _AD;BOOL;;;;;s;;Larmfördröjning;;;;
 AS1_AF1_AD ;AS01; AS1_AF1_AlarmTimerConfig _AD;BOOL;;;;;s;;Larmfördröjning;;;;
 AS1_AF1_V3Config ;AS01; AS1_AF1_AlarmTimerConfig _V3;BOOL;;;;;;;Larmindikering;;;;
 AS1_AF1_ADConfig ;AS01; AS1_AF1_AlarmTimerConfig _AD;BOOL;;;;;s;;Larmfördröjning;;;;
 AS1_FS1_AD ;AS01; AS1_FS1_AlarmTimerConfig _AD;BOOL;;;;;s;;Larmfördröjning;;;;
 AS1_FS1_V3Config ;AS01; AS1_FS1_AlarmTimerConfig _V3;BOOL;;;;;;;Larmindikering;;;;
 AS1_FS1_ADConfig ;AS01; AS1_FS1_AlarmTimerConfig _AD;BOOL;;;;;s;;Larmfördröjning;;;;
 AS1_FS1_AD ;AS01; AS1_FS1_AlarmTimerConfig _AD;BOOL;;;;;s;;Larmfördröjning;;;;
 AS1_FS1_V3Config ;AS01; AS1_FS1_AlarmTimerConfig _V3;BOOL;;;;;;;Larmindikering;;;;
 AS1_FS1_ADConfig ;AS01; AS1_FS1_AlarmTimerConfig _AD;BOOL;;;;;s;;Larmfördröjning;;;;
 AS1_CBL_AD ;AS01; AS1_CBL_AlarmTimerConfig _AD;BOOL;;;;;s;;Larmfördröjning;;;;
 AS1_CBL_V3Config ;AS01; AS1_CBL_AlarmTimerConfig _V3;BOOL;;;;;;;Larmindikering;;;;
 AS1_CBL_ADConfig ;AS01; AS1_CBL_AlarmTimerConfig _AD;BOOL;;;;;s;;Larmfördröjning;;;;
 AS1_CBL_AD ;AS01; AS1_CBL_AlarmTimerConfig _AD;BOOL;;;;;s;;Larmfördröjning;;;;
 AS1_CBL_V3Config ;AS01; AS1_CBL_AlarmTimerConfig _V3;BOOL;;;;;;;Larmindikering;;;;
 AS1_CBL_ADConfig ;AS01; AS1_CBL_AlarmTimerConfig _AD;BOOL;;;;;s;;Larmfördröjning;;;;
 ADS_AS5_AL6_AD ;AS01; ADS_AS5_AL6_AlarmTimerConfig _AD;BOOL;;;;;s;;Larmfördröjning;;;;
 ADS_AS5_AL6_V3Config ;AS01; ADS_AS5_AL6_AlarmTimerConfig _V3;BOOL;;;;;;;Larmindikering;;;;
 ADS_AS5_AL6_ADConfig ;AS01; ADS_AS5_AL6_AlarmTimerConfig _AD;BOOL;;;;;s;;Larmfördröjning;;;;
 ADS_AS5_AL6_AD ;AS01; ADS_AS5_AL6_AlarmTimerConfig _AD;BOOL;;;;;s;;Larmfördröjning;;;;
 ADS_AS5_AL6_V3Config ;AS01; ADS_AS5_AL6_AlarmTimerConfig _V3;BOOL;;;;;;;Larmindikering;;;;
 ADS_AS5_AL6_ADConfig ;AS01; ADS_AS5_AL6_AlarmTimerConfig _AD;BOOL;;;;;s;;Larmfördröjning;;;;
 ADS_AS5_AS3_AD ;AS01; ADS_AS5_AS3_AlarmTimerConfig _AD;BOOL;;;;;s;;Larmfördröjning;;;;
 ADS_AS5_AS3_V3Config ;AS01; ADS_AS5_AS3_AlarmTimerConfig _V3;BOOL;;;;;;;Larmindikering;;;;
 ADS_AS5_AS3_ADConfig ;AS01; ADS_AS5_AS3_AlarmTimerConfig _AD;BOOL;;;;;s;;Larmfördröjning;;;;
 ADS_AS5_AS3_AD ;AS01; ADS_AS5_AS3_AlarmTimerConfig _AD;BOOL;;;;;s;;Larmfördröjning;;;;
 ADS_AS5_AS3_V3Config ;AS01; ADS_AS5_AS3_AlarmTimerConfig _V3;BOOL;;;;;;;Larmindikering;;;;
 ADS_AS5_AS3_ADConfig ;AS01; ADS_AS5_AS3_AlarmTimerConfig _AD;BOOL;;;;;s;;Larmfördröjning;;;;
 ADS_AS5_AS4_AD ;AS01; ADS_AS5_AS4_AlarmTimerConfig _AD;BOOL;;;;;s;;Larmfördröjning;;;;
 ADS_AS5_AS4_V3Config ;AS01; ADS_AS5_AS4_AlarmTimerConfig _V3;BOOL;;;;;;;Larmindikering;;;;
 ADS_AS5_AS4_ADConfig ;AS01; ADS_AS5_AS4_AlarmTimerConfig _AD;BOOL;;;;;s;;Larmfördröjning;;;;
 ADS_AS5_AS4_AD ;AS01; ADS_AS5_AS4_AlarmTimerConfig _AD;BOOL;;;;;s;;Larmfördröjning;;;;
 ADS_AS5_AS4_V3Config ;AS01; ADS_AS5_AS4_AlarmTimerConfig _V3;BOOL;;;;;;;Larmindikering;;;;
 ADS_AS5_AS4_ADConfig ;AS01; ADS_AS5_AS4_AlarmTimerConfig _AD;BOOL;;;;;s;;Larmfördröjning;;;;
 ADS_AS5_AS6_AD ;AS01; ADS_AS5_AS6_AlarmTimerConfig _AD;BOOL;;;;;s;;Larmfördröjning;;;;
 ADS_AS5_AS6_V3Config ;AS01; ADS_AS5_AS6_AlarmTimerConfig _V3;BOOL;;;;;;;Larmindikering;;;;
 ADS_AS5_AS6_ADConfig ;AS01; ADS_AS5_AS6_AlarmTimerConfig _AD;BOOL;;;;;s;;Larmfördröjning;;;;
 ADS_AS5_AS6_AD ;AS01; ADS_AS5_AS6_AlarmTimerConfig _AD;BOOL;;;;;s;;Larmfördröjning;;;;
 ADS_AS5_AS6_V3Config ;AS01; ADS_AS5_AS6_AlarmTimerConfig _V3;BOOL;;;;;;;Larmindikering;;;;
 ADS_AS5_AS6_ADConfig ;AS01; ADS_AS5_AS6_AlarmTimerConfig _AD;BOOL;;;;;s;;Larmfördröjning;;;;
 LA1_GT11_PV1_temperature ;AS01; LA1_GT11_PV1_temperature _P;BOOL;;;;;;;;;;;
 LA1_GT11_PV1_temperature ;AS01; LA1_GT11_PV1_temperature _P;BOOL;;;;;;;;;;;
 LA1_MEDEL_PV_temperature ;AS01; LA1_MEDEL_PV_temperature _P;BOOL;;;;;;;;;;;
 LA1_MEDEL_PV_temperature ;AS01; LA1_MEDEL_PV_temperature _P;BOOL;;;;;;;;;;;
 LA1_P2_SP1_procent ;AS01; LA1_P2_SP1_procent _P;BOOL;;;;;;;;;;;
 LA1_P2_SP1_procent ;AS01; LA1_P2_SP1_procent _P;BOOL;;;;;;;;;;;
 LA1_P2_SP2_procent ;AS01; LA1_P2_SP2_procent _P;BOOL;;;;;;;;;;;
 LA1_P2_SP2_procent ;AS01; LA1_P2_SP2_procent _P;BOOL;;;;;;;;;;;
 LA1_P2_SP3_temperature ;AS01; LA1_P2_SP3_temperature _P;BOOL;;;;;;;;;;;
 LA1_P2_SP3_temperature ;AS01; LA1_P2_SP3_temperature _P;BOOL;;;;;;;;;;;
 LA1_P3_SP1_procent ;AS01; LA1_P3_SP1_procent _P;BOOL;;;;;;;;;;;
 LA1_P3_SP1_procent ;AS01; LA1_P3_SP1_procent _P;BOOL;;;;;;;;;;;
 LA1_P3_SP2_procent ;AS01; LA1_P3_SP2_procent _P;BOOL;;;;;;;;;;;
 LA1_P3_SP2_procent ;AS01; LA1_P3_SP2_procent _P;BOOL;;;;;;;;;;;
 LA1_AGGREGAT_RST ;AS01; LA1_AGGREGAT_OperationTime _RST;BOOL;;;;;;;Återställning drifttid;;;;
 LA1_AGGREGAT_PV5 ;AS01; LA1_AGGREGAT_OperationTime _PV5;BOOL;;;;;tim;0;Drifttid;;;;
 LA1_AGGREGAT_PV6 ;AS01; LA1_AGGREGAT_OperationTime _PV6;BOOL;;;;;st;0;Antal starter;;;;
 LA1_AGGREGAT_RST ;AS01; LA1_AGGREGAT_OperationTime _RST;BOOL;;;;;;;Återställning drifttid;;;;
 LA1_AGGREGAT_PV5 ;AS01; LA1_AGGREGAT_OperationTime _PV5;BOOL;;;;;tim;0;Drifttid;;;;
 LA1_AGGREGAT_PV6 ;AS01; LA1_AGGREGAT_OperationTime _PV6;BOOL;;;;;st;0;Antal starter;;;;
 LA1_NC_TC1_CMD ;AS01; LA1_NC_TC1_ScheduleWeekdays _CMD;BOOL;;;;;;;Tidkanal aktiv;;;;
 LA1_NC_TC1_AUT ;AS01; LA1_NC_TC1_ScheduleWeekdays _AUT;BOOL;;;;;;;0 = OFF, 1 = ON, 2 = AUT;;;;
 LA1_NC_TC1_AL5 ;AS01; LA1_NC_TC1_ScheduleWeekdays _AL5;BOOL;;;;;;;Handställningslarm;;;p:C;
 LA1_NC_TC1_CMD ;AS01; LA1_NC_TC1_ScheduleWeekdays _CMD;BOOL;;;;;;;Tidkanal aktiv;;;;
 LA1_NC_TC1_AUT ;AS01; LA1_NC_TC1_ScheduleWeekdays _AUT;BOOL;;;;;;;0 = OFF, 1 = ON, 2 = AUT;;;;
 LA1_NC_TC1_AL5 ;AS01; LA1_NC_TC1_ScheduleWeekdays _AL5;BOOL;;;;;;;Handställningslarm;;;p:C;
 LA1_NC_RST ;AS01; LA1_NC_OperationTime _RST;BOOL;;;;;;;Återställning drifttid;;;;
 LA1_NC_PV5 ;AS01; LA1_NC_OperationTime _PV5;BOOL;;;;;tim;0;Drifttid;;;;
 LA1_NC_PV6 ;AS01; LA1_NC_OperationTime _PV6;BOOL;;;;;st;0;Antal starter;;;;
 LA1_NC_RST ;AS01; LA1_NC_OperationTime _RST;BOOL;;;;;;;Återställning drifttid;;;;
 LA1_NC_PV5 ;AS01; LA1_NC_OperationTime _PV5;BOOL;;;;;tim;0;Drifttid;;;;
 LA1_NC_PV6 ;AS01; LA1_NC_OperationTime _PV6;BOOL;;;;;st;0;Antal starter;;;;
 LA1_P1_ConditionOutdoorValve ;AS01; LA1_P1_ConditionOutdoorValve _P;BOOL;;;;;;;;;;;
 LA1_P1_SP1 ;AS01; LA1_P1_ConditionOutdoorValve _SP1;BOOL;;;;;°C;0.0;Startgräns utetemp.;;;;
 LA1_P1_SP2 ;AS01; LA1_P1_ConditionOutdoorValve _SP2;BOOL;;;;;%;0;Startgräns ventilläge;;;;
 LA1_P1_SP3 ;AS01; LA1_P1_ConditionOutdoorValve _SP3;BOOL;;;;;%;0;Stoppgräns ventilläge;;;;
 LA1_P1_ConditionOutdoorValve ;AS01; LA1_P1_ConditionOutdoorValve _P;BOOL;;;;;;;;;;;
 LA1_P1_SP1 ;AS01; LA1_P1_ConditionOutdoorValve _SP1;BOOL;;;;;°C;0.0;Startgräns utetemp.;;;;
 LA1_P1_SP2 ;AS01; LA1_P1_ConditionOutdoorValve _SP2;BOOL;;;;;%;0;Startgräns ventilläge;;;;
 LA1_P1_SP3 ;AS01; LA1_P1_ConditionOutdoorValve _SP3;BOOL;;;;;%;0;Stoppgräns ventilläge;;;;
 LA1_P1_RST ;AS01; LA1_P1_OperationTime _RST;BOOL;;;;;;;Återställning drifttid;;;;
 LA1_P1_PV5 ;AS01; LA1_P1_OperationTime _PV5;BOOL;;;;;tim;0;Drifttid;;;;
 LA1_P1_PV6 ;AS01; LA1_P1_OperationTime _PV6;BOOL;;;;;st;0;Antal starter;;;;
 LA1_P1_OperationTime ;AS01; LA1_P1_OperationTime _P;BOOL;;;;;;;;;;;
 LA1_P1_RST ;AS01; LA1_P1_OperationTime _RST;BOOL;;;;;;;Återställning drifttid;;;;
 LA1_P1_PV5 ;AS01; LA1_P1_OperationTime _PV5;BOOL;;;;;tim;0;Drifttid;;;;
 LA1_P1_PV6 ;AS01; LA1_P1_OperationTime _PV6;BOOL;;;;;st;0;Antal starter;;;;
 LA1_P1_OperationTime ;AS01; LA1_P1_OperationTime _P;BOOL;;;;;;;;;;;
 LA1_P2_RST ;AS01; LA1_P2_OperationTime _RST;BOOL;;;;;;;Återställning drifttid;;;;
 LA1_P2_PV5 ;AS01; LA1_P2_OperationTime _PV5;BOOL;;;;;tim;0;Drifttid;;;;
 LA1_P2_PV6 ;AS01; LA1_P2_OperationTime _PV6;BOOL;;;;;st;0;Antal starter;;;;
 LA1_P2_OperationTime ;AS01; LA1_P2_OperationTime _P;BOOL;;;;;;;;;;;
 LA1_P2_RST ;AS01; LA1_P2_OperationTime _RST;BOOL;;;;;;;Återställning drifttid;;;;
 LA1_P2_PV5 ;AS01; LA1_P2_OperationTime _PV5;BOOL;;;;;tim;0;Drifttid;;;;
 LA1_P2_PV6 ;AS01; LA1_P2_OperationTime _PV6;BOOL;;;;;st;0;Antal starter;;;;
 LA1_P2_OperationTime ;AS01; LA1_P2_OperationTime _P;BOOL;;;;;;;;;;;
 LA1_P3_RST ;AS01; LA1_P3_OperationTime _RST;BOOL;;;;;;;Återställning drifttid;;;;
 LA1_P3_PV5 ;AS01; LA1_P3_OperationTime _PV5;BOOL;;;;;tim;0;Drifttid;;;;
 LA1_P3_PV6 ;AS01; LA1_P3_OperationTime _PV6;BOOL;;;;;st;0;Antal starter;;;;
 LA1_P3_OperationTime ;AS01; LA1_P3_OperationTime _P;BOOL;;;;;;;;;;;
 LA1_P3_RST ;AS01; LA1_P3_OperationTime _RST;BOOL;;;;;;;Återställning drifttid;;;;
 LA1_P3_PV5 ;AS01; LA1_P3_OperationTime _PV5;BOOL;;;;;tim;0;Drifttid;;;;
 LA1_P3_PV6 ;AS01; LA1_P3_OperationTime _PV6;BOOL;;;;;st;0;Antal starter;;;;
 LA1_P3_OperationTime ;AS01; LA1_P3_OperationTime _P;BOOL;;;;;;;;;;;
 LA1_GT11_PV ;AS01; LA1_GT11_SensorTemperature _PV;BOOL;;;;;°C;0.0;Mätvärde;;;;
 LA1_GT11_AUT ;AS01; LA1_GT11_SensorTemperature _AUT;BOOL;;;;;;;0 = OFF, 1 = ON, 2 = AUT;;;;
 LA1_GT11_AL4 ;AS01; LA1_GT11_SensorTemperature _AL4;BOOL;;;;;;;Givarfel;;;p:B;
 LA1_GT11_OPM ;AS01; LA1_GT11_SensorTemperature _OPM;BOOL;;;;;°C;0.0;Manuellt värde;;;;
 LA1_GT11_PV ;AS01; LA1_GT11_SensorTemperature _PV;BOOL;;;;;°C;0.0;Mätvärde;;;;
 LA1_GT11_AUT ;AS01; LA1_GT11_SensorTemperature _AUT;BOOL;;;;;;;0 = OFF, 1 = ON, 2 = AUT;;;;
 LA1_GT11_AL4 ;AS01; LA1_GT11_SensorTemperature _AL4;BOOL;;;;;;;Givarfel;;;p:B;
 LA1_GT11_OPM ;AS01; LA1_GT11_SensorTemperature _OPM;BOOL;;;;;°C;0.0;Manuellt värde;;;;
 LA1_GT81_PV ;AS01; LA1_GT81_SensorTemperature _PV;BOOL;;;;;°C;0.0;Mätvärde;;;;
 LA1_GT81_AUT ;AS01; LA1_GT81_SensorTemperature _AUT;BOOL;;;;;;;0 = OFF, 1 = ON, 2 = AUT;;;;
 LA1_GT81_AL4 ;AS01; LA1_GT81_SensorTemperature _AL4;BOOL;;;;;;;Givarfel;;;p:B;
 LA1_GT81_OPM ;AS01; LA1_GT81_SensorTemperature _OPM;BOOL;;;;;°C;0.0;Manuellt värde;;;;
 LA1_GT81_PV ;AS01; LA1_GT81_SensorTemperature _PV;BOOL;;;;;°C;0.0;Mätvärde;;;;
 LA1_GT81_AUT ;AS01; LA1_GT81_SensorTemperature _AUT;BOOL;;;;;;;0 = OFF, 1 = ON, 2 = AUT;;;;
 LA1_GT81_AL4 ;AS01; LA1_GT81_SensorTemperature _AL4;BOOL;;;;;;;Givarfel;;;p:B;
 LA1_GT81_OPM ;AS01; LA1_GT81_SensorTemperature _OPM;BOOL;;;;;°C;0.0;Manuellt värde;;;;
 LA1_GT41_PV ;AS01; LA1_GT41_SensorTemperature _PV;BOOL;;;;;°C;0.0;Mätvärde;;;;
 LA1_GT41_AUT ;AS01; LA1_GT41_SensorTemperature _AUT;BOOL;;;;;;;0 = OFF, 1 = ON, 2 = AUT;;;;
 LA1_GT41_AL4 ;AS01; LA1_GT41_SensorTemperature _AL4;BOOL;;;;;;;Givarfel;;;p:B;
 LA1_GT41_OPM ;AS01; LA1_GT41_SensorTemperature _OPM;BOOL;;;;;°C;0.0;Manuellt värde;;;;
 LA1_GT41_PV ;AS01; LA1_GT41_SensorTemperature _PV;BOOL;;;;;°C;0.0;Mätvärde;;;;
 LA1_GT41_AUT ;AS01; LA1_GT41_SensorTemperature _AUT;BOOL;;;;;;;0 = OFF, 1 = ON, 2 = AUT;;;;
 LA1_GT41_AL4 ;AS01; LA1_GT41_SensorTemperature _AL4;BOOL;;;;;;;Givarfel;;;p:B;
 LA1_GT41_OPM ;AS01; LA1_GT41_SensorTemperature _OPM;BOOL;;;;;°C;0.0;Manuellt värde;;;;
 LA1_GT42_PV ;AS01; LA1_GT42_SensorTemperature _PV;BOOL;;;;;°C;0.0;Mätvärde;;;;
 LA1_GT42_AUT ;AS01; LA1_GT42_SensorTemperature _AUT;BOOL;;;;;;;0 = OFF, 1 = ON, 2 = AUT;;;;
 LA1_GT42_AL4 ;AS01; LA1_GT42_SensorTemperature _AL4;BOOL;;;;;;;Givarfel;;;p:B;
 LA1_GT42_OPM ;AS01; LA1_GT42_SensorTemperature _OPM;BOOL;;;;;°C;0.0;Manuellt värde;;;;
 LA1_GT42_PV ;AS01; LA1_GT42_SensorTemperature _PV;BOOL;;;;;°C;0.0;Mätvärde;;;;
 LA1_GT42_AUT ;AS01; LA1_GT42_SensorTemperature _AUT;BOOL;;;;;;;0 = OFF, 1 = ON, 2 = AUT;;;;
 LA1_GT42_AL4 ;AS01; LA1_GT42_SensorTemperature _AL4;BOOL;;;;;;;Givarfel;;;p:B;
 LA1_GT42_OPM ;AS01; LA1_GT42_SensorTemperature _OPM;BOOL;;;;;°C;0.0;Manuellt värde;;;;
 LA1_GT44_PV ;AS01; LA1_GT44_SensorTemperature _PV;BOOL;;;;;°C;0.0;Mätvärde;;;;
 LA1_GT44_AUT ;AS01; LA1_GT44_SensorTemperature _AUT;BOOL;;;;;;;0 = OFF, 1 = ON, 2 = AUT;;;;
 LA1_GT44_AL4 ;AS01; LA1_GT44_SensorTemperature _AL4;BOOL;;;;;;;Givarfel;;;p:B;
 LA1_GT44_OPM ;AS01; LA1_GT44_SensorTemperature _OPM;BOOL;;;;;°C;0.0;Manuellt värde;;;;
 LA1_GT44_PV ;AS01; LA1_GT44_SensorTemperature _PV;BOOL;;;;;°C;0.0;Mätvärde;;;;
 LA1_GT44_AUT ;AS01; LA1_GT44_SensorTemperature _AUT;BOOL;;;;;;;0 = OFF, 1 = ON, 2 = AUT;;;;
 LA1_GT44_AL4 ;AS01; LA1_GT44_SensorTemperature _AL4;BOOL;;;;;;;Givarfel;;;p:B;
 LA1_GT44_OPM ;AS01; LA1_GT44_SensorTemperature _OPM;BOOL;;;;;°C;0.0;Manuellt värde;;;;
 LA1_GM41_PV ;AS01; LA1_GM41_sensorHumidity _PV;BOOL;;;;;%rh;0;Mätvärde;;;;
 LA1_GM41_AUT ;AS01; LA1_GM41_sensorHumidity _AUT;BOOL;;;;;;;0 = OFF, 1 = ON, 2 = AUT;;;;
 LA1_GM41_AL4 ;AS01; LA1_GM41_sensorHumidity _AL4;BOOL;;;;;;;Givarfel;;;p:B;
 LA1_GM41_OPM ;AS01; LA1_GM41_sensorHumidity _OPM;BOOL;;;;;%rh;0;Manuellt värde;;;;
 LA1_GM41_PV ;AS01; LA1_GM41_sensorHumidity _PV;BOOL;;;;;%rh;0;Mätvärde;;;;
 LA1_GM41_AUT ;AS01; LA1_GM41_sensorHumidity _AUT;BOOL;;;;;;;0 = OFF, 1 = ON, 2 = AUT;;;;
 LA1_GM41_AL4 ;AS01; LA1_GM41_sensorHumidity _AL4;BOOL;;;;;;;Givarfel;;;p:B;
 LA1_GM41_OPM ;AS01; LA1_GM41_sensorHumidity _OPM;BOOL;;;;;%rh;0;Manuellt värde;;;;
 LA1_EC1_OPModule ;AS01; LA1_EC1_EnergyControlModule _OP;BOOL;;;;;%;0;Utsignal effektnedstyrning;;;;
 LA1_EC1_PV1Module ;AS01; LA1_EC1_EnergyControlModule _PV1;BOOL;;;;;kw;0.0;Aktuell effektgräns ;;;;
 LA1_EC1_OP ;AS01; LA1_EC1_EnergyControlModule _OP;BOOL;;;;;%;;Effektnedstyrningssignal;;;;
 LA1_EC1_MCMD2 ;AS01; LA1_EC1_EnergyControlModule _MCMD2;BOOL;;;;;;;Aktivering effektnedstyrning;;;;
 LA1_EC1_V1 ;AS01; LA1_EC1_EnergyControlModule _V1;BOOL;;;;;;;Effektnedstyrning aktiv;;;;
 LA1_EC1_PV ;AS01; LA1_EC1_EnergyControlModule _PV;BOOL;;;;;°C;0.0;Förskjutning;;;;
 LA1_EC1_OPModule ;AS01; LA1_EC1_EnergyControlModule _OP;BOOL;;;;;%;0;Utsignal effektnedstyrning;;;;
 LA1_EC1_PV1Module ;AS01; LA1_EC1_EnergyControlModule _PV1;BOOL;;;;;kw;0.0;Aktuell effektgräns ;;;;
 LA1_EC1_OP ;AS01; LA1_EC1_EnergyControlModule _OP;BOOL;;;;;%;;Effektnedstyrningssignal;;;;
 LA1_EC1_MCMD2 ;AS01; LA1_EC1_EnergyControlModule _MCMD2;BOOL;;;;;;;Aktivering effektnedstyrning;;;;
 LA1_EC1_V1 ;AS01; LA1_EC1_EnergyControlModule _V1;BOOL;;;;;;;Effektnedstyrning aktiv;;;;
 LA1_EC1_PV ;AS01; LA1_EC1_EnergyControlModule _PV;BOOL;;;;;°C;0.0;Förskjutning;;;;
 LA1_EC2_OPModule ;AS01; LA1_EC2_EnergyControlModule _OP;BOOL;;;;;%;0;Utsignal effektnedstyrning;;;;
 LA1_EC2_PV1Module ;AS01; LA1_EC2_EnergyControlModule _PV1;BOOL;;;;;kw;0.0;Aktuell effektgräns ;;;;
 LA1_EC2_OP ;AS01; LA1_EC2_EnergyControlModule _OP;BOOL;;;;;%;;Effektnedstyrningssignal;;;;
 LA1_EC2_MCMD2 ;AS01; LA1_EC2_EnergyControlModule _MCMD2;BOOL;;;;;;;Aktivering effektnedstyrning;;;;
 LA1_EC2_V1 ;AS01; LA1_EC2_EnergyControlModule _V1;BOOL;;;;;;;Effektnedstyrning aktiv;;;;
 LA1_EC2_PV ;AS01; LA1_EC2_EnergyControlModule _PV;BOOL;;;;;°C;0.0;Förskjutning;;;;
 LA1_EC2_OPModule ;AS01; LA1_EC2_EnergyControlModule _OP;BOOL;;;;;%;0;Utsignal effektnedstyrning;;;;
 LA1_EC2_PV1Module ;AS01; LA1_EC2_EnergyControlModule _PV1;BOOL;;;;;kw;0.0;Aktuell effektgräns ;;;;
 LA1_EC2_OP ;AS01; LA1_EC2_EnergyControlModule _OP;BOOL;;;;;%;;Effektnedstyrningssignal;;;;
 LA1_EC2_MCMD2 ;AS01; LA1_EC2_EnergyControlModule _MCMD2;BOOL;;;;;;;Aktivering effektnedstyrning;;;;
 LA1_EC2_V1 ;AS01; LA1_EC2_EnergyControlModule _V1;BOOL;;;;;;;Effektnedstyrning aktiv;;;;
 LA1_EC2_PV ;AS01; LA1_EC2_EnergyControlModule _PV;BOOL;;;;;°C;0.0;Förskjutning;;;;
 LA1_EC1_X1 ;AS01; LA1_EC1_CurveTemperatureConfig _X1;BOOL;;;;;°C;0.0;X-värde 1;;;;
 LA1_EC1_X2 ;AS01; LA1_EC1_CurveTemperatureConfig _X2;BOOL;;;;;°C;0.0;X-värde 2;;;;
 LA1_EC1_X3 ;AS01; LA1_EC1_CurveTemperatureConfig _X3;BOOL;;;;;°C;0.0;X-värde 3;;;;
 LA1_EC1_X4 ;AS01; LA1_EC1_CurveTemperatureConfig _X4;BOOL;;;;;°C;0.0;X-värde 4;;;;
 LA1_EC1_X5 ;AS01; LA1_EC1_CurveTemperatureConfig _X5;BOOL;;;;;°C;0.0;X-värde 5;;;;
 LA1_EC1_X6 ;AS01; LA1_EC1_CurveTemperatureConfig _X6;BOOL;;;;;°C;0.0;X-värde 6;;;;
 LA1_EC1_X7 ;AS01; LA1_EC1_CurveTemperatureConfig _X7;BOOL;;;;;°C;0.0;X-värde 7;;;;
 LA1_EC1_X8 ;AS01; LA1_EC1_CurveTemperatureConfig _X8;BOOL;;;;;°C;0.0;X-värde 8;;;;
 LA1_EC1_X9 ;AS01; LA1_EC1_CurveTemperatureConfig _X9;BOOL;;;;;°C;0.0;X-värde 9;;;;
 LA1_EC1_Y1 ;AS01; LA1_EC1_CurveTemperatureConfig _Y1;BOOL;;;;;°C;0.0;Y-värde 1;;;;
 LA1_EC1_Y2 ;AS01; LA1_EC1_CurveTemperatureConfig _Y2;BOOL;;;;;°C;0.0;Y-värde 2;;;;
 LA1_EC1_Y3 ;AS01; LA1_EC1_CurveTemperatureConfig _Y3;BOOL;;;;;°C;0.0;Y-värde 3;;;;
 LA1_EC1_Y4 ;AS01; LA1_EC1_CurveTemperatureConfig _Y4;BOOL;;;;;°C;0.0;Y-värde 4;;;;
 LA1_EC1_Y5 ;AS01; LA1_EC1_CurveTemperatureConfig _Y5;BOOL;;;;;°C;0.0;Y-värde 5;;;;
 LA1_EC1_Y6 ;AS01; LA1_EC1_CurveTemperatureConfig _Y6;BOOL;;;;;°C;0.0;Y-värde 6;;;;
 LA1_EC1_Y7 ;AS01; LA1_EC1_CurveTemperatureConfig _Y7;BOOL;;;;;°C;0.0;Y-värde 7;;;;
 LA1_EC1_Y8 ;AS01; LA1_EC1_CurveTemperatureConfig _Y8;BOOL;;;;;°C;0.0;Y-värde 8;;;;
 LA1_EC1_Y9 ;AS01; LA1_EC1_CurveTemperatureConfig _Y9;BOOL;;;;;°C;0.0;Y-värde 9;;;;
 LA1_EC1_MIN ;AS01; LA1_EC1_CurveTemperatureConfig _MIN;BOOL;;;;;°C;0.0;Minbegränsning;;;;
 LA1_EC1_MAX ;AS01; LA1_EC1_CurveTemperatureConfig _MAX;BOOL;;;;;°C;0.0;Maxbegränsning;;;;
 LA1_EC1_X1 ;AS01; LA1_EC1_CurveTemperatureConfig _X1;BOOL;;;;;°C;0.0;X-värde 1;;;;
 LA1_EC1_X2 ;AS01; LA1_EC1_CurveTemperatureConfig _X2;BOOL;;;;;°C;0.0;X-värde 2;;;;
 LA1_EC1_X3 ;AS01; LA1_EC1_CurveTemperatureConfig _X3;BOOL;;;;;°C;0.0;X-värde 3;;;;
 LA1_EC1_X4 ;AS01; LA1_EC1_CurveTemperatureConfig _X4;BOOL;;;;;°C;0.0;X-värde 4;;;;
 LA1_EC1_X5 ;AS01; LA1_EC1_CurveTemperatureConfig _X5;BOOL;;;;;°C;0.0;X-värde 5;;;;
 LA1_EC1_X6 ;AS01; LA1_EC1_CurveTemperatureConfig _X6;BOOL;;;;;°C;0.0;X-värde 6;;;;
 LA1_EC1_X7 ;AS01; LA1_EC1_CurveTemperatureConfig _X7;BOOL;;;;;°C;0.0;X-värde 7;;;;
 LA1_EC1_X8 ;AS01; LA1_EC1_CurveTemperatureConfig _X8;BOOL;;;;;°C;0.0;X-värde 8;;;;
 LA1_EC1_X9 ;AS01; LA1_EC1_CurveTemperatureConfig _X9;BOOL;;;;;°C;0.0;X-värde 9;;;;
 LA1_EC1_Y1 ;AS01; LA1_EC1_CurveTemperatureConfig _Y1;BOOL;;;;;°C;0.0;Y-värde 1;;;;
 LA1_EC1_Y2 ;AS01; LA1_EC1_CurveTemperatureConfig _Y2;BOOL;;;;;°C;0.0;Y-värde 2;;;;
 LA1_EC1_Y3 ;AS01; LA1_EC1_CurveTemperatureConfig _Y3;BOOL;;;;;°C;0.0;Y-värde 3;;;;
 LA1_EC1_Y4 ;AS01; LA1_EC1_CurveTemperatureConfig _Y4;BOOL;;;;;°C;0.0;Y-värde 4;;;;
 LA1_EC1_Y5 ;AS01; LA1_EC1_CurveTemperatureConfig _Y5;BOOL;;;;;°C;0.0;Y-värde 5;;;;
 LA1_EC1_Y6 ;AS01; LA1_EC1_CurveTemperatureConfig _Y6;BOOL;;;;;°C;0.0;Y-värde 6;;;;
 LA1_EC1_Y7 ;AS01; LA1_EC1_CurveTemperatureConfig _Y7;BOOL;;;;;°C;0.0;Y-värde 7;;;;
 LA1_EC1_Y8 ;AS01; LA1_EC1_CurveTemperatureConfig _Y8;BOOL;;;;;°C;0.0;Y-värde 8;;;;
 LA1_EC1_Y9 ;AS01; LA1_EC1_CurveTemperatureConfig _Y9;BOOL;;;;;°C;0.0;Y-värde 9;;;;
 LA1_EC1_MIN ;AS01; LA1_EC1_CurveTemperatureConfig _MIN;BOOL;;;;;°C;0.0;Minbegränsning;;;;
 LA1_EC1_MAX ;AS01; LA1_EC1_CurveTemperatureConfig _MAX;BOOL;;;;;°C;0.0;Maxbegränsning;;;;
 LA1_EC2_X1 ;AS01; LA1_EC2_CurveTemperatureConfig _X1;BOOL;;;;;°C;0.0;X-värde 1;;;;
 LA1_EC2_X2 ;AS01; LA1_EC2_CurveTemperatureConfig _X2;BOOL;;;;;°C;0.0;X-värde 2;;;;
 LA1_EC2_X3 ;AS01; LA1_EC2_CurveTemperatureConfig _X3;BOOL;;;;;°C;0.0;X-värde 3;;;;
 LA1_EC2_X4 ;AS01; LA1_EC2_CurveTemperatureConfig _X4;BOOL;;;;;°C;0.0;X-värde 4;;;;
 LA1_EC2_X5 ;AS01; LA1_EC2_CurveTemperatureConfig _X5;BOOL;;;;;°C;0.0;X-värde 5;;;;
 LA1_EC2_X6 ;AS01; LA1_EC2_CurveTemperatureConfig _X6;BOOL;;;;;°C;0.0;X-värde 6;;;;
 LA1_EC2_X7 ;AS01; LA1_EC2_CurveTemperatureConfig _X7;BOOL;;;;;°C;0.0;X-värde 7;;;;
 LA1_EC2_X8 ;AS01; LA1_EC2_CurveTemperatureConfig _X8;BOOL;;;;;°C;0.0;X-värde 8;;;;
 LA1_EC2_X9 ;AS01; LA1_EC2_CurveTemperatureConfig _X9;BOOL;;;;;°C;0.0;X-värde 9;;;;
 LA1_EC2_Y1 ;AS01; LA1_EC2_CurveTemperatureConfig _Y1;BOOL;;;;;°C;0.0;Y-värde 1;;;;
 LA1_EC2_Y2 ;AS01; LA1_EC2_CurveTemperatureConfig _Y2;BOOL;;;;;°C;0.0;Y-värde 2;;;;
 LA1_EC2_Y3 ;AS01; LA1_EC2_CurveTemperatureConfig _Y3;BOOL;;;;;°C;0.0;Y-värde 3;;;;
 LA1_EC2_Y4 ;AS01; LA1_EC2_CurveTemperatureConfig _Y4;BOOL;;;;;°C;0.0;Y-värde 4;;;;
 LA1_EC2_Y5 ;AS01; LA1_EC2_CurveTemperatureConfig _Y5;BOOL;;;;;°C;0.0;Y-värde 5;;;;
 LA1_EC2_Y6 ;AS01; LA1_EC2_CurveTemperatureConfig _Y6;BOOL;;;;;°C;0.0;Y-värde 6;;;;
 LA1_EC2_Y7 ;AS01; LA1_EC2_CurveTemperatureConfig _Y7;BOOL;;;;;°C;0.0;Y-värde 7;;;;
 LA1_EC2_Y8 ;AS01; LA1_EC2_CurveTemperatureConfig _Y8;BOOL;;;;;°C;0.0;Y-värde 8;;;;
 LA1_EC2_Y9 ;AS01; LA1_EC2_CurveTemperatureConfig _Y9;BOOL;;;;;°C;0.0;Y-värde 9;;;;
 LA1_EC2_MIN ;AS01; LA1_EC2_CurveTemperatureConfig _MIN;BOOL;;;;;°C;0.0;Minbegränsning;;;;
 LA1_EC2_MAX ;AS01; LA1_EC2_CurveTemperatureConfig _MAX;BOOL;;;;;°C;0.0;Maxbegränsning;;;;
 LA1_EC2_X1 ;AS01; LA1_EC2_CurveTemperatureConfig _X1;BOOL;;;;;°C;0.0;X-värde 1;;;;
 LA1_EC2_X2 ;AS01; LA1_EC2_CurveTemperatureConfig _X2;BOOL;;;;;°C;0.0;X-värde 2;;;;
 LA1_EC2_X3 ;AS01; LA1_EC2_CurveTemperatureConfig _X3;BOOL;;;;;°C;0.0;X-värde 3;;;;
 LA1_EC2_X4 ;AS01; LA1_EC2_CurveTemperatureConfig _X4;BOOL;;;;;°C;0.0;X-värde 4;;;;
 LA1_EC2_X5 ;AS01; LA1_EC2_CurveTemperatureConfig _X5;BOOL;;;;;°C;0.0;X-värde 5;;;;
 LA1_EC2_X6 ;AS01; LA1_EC2_CurveTemperatureConfig _X6;BOOL;;;;;°C;0.0;X-värde 6;;;;
 LA1_EC2_X7 ;AS01; LA1_EC2_CurveTemperatureConfig _X7;BOOL;;;;;°C;0.0;X-värde 7;;;;
 LA1_EC2_X8 ;AS01; LA1_EC2_CurveTemperatureConfig _X8;BOOL;;;;;°C;0.0;X-värde 8;;;;
 LA1_EC2_X9 ;AS01; LA1_EC2_CurveTemperatureConfig _X9;BOOL;;;;;°C;0.0;X-värde 9;;;;
 LA1_EC2_Y1 ;AS01; LA1_EC2_CurveTemperatureConfig _Y1;BOOL;;;;;°C;0.0;Y-värde 1;;;;
 LA1_EC2_Y2 ;AS01; LA1_EC2_CurveTemperatureConfig _Y2;BOOL;;;;;°C;0.0;Y-värde 2;;;;
 LA1_EC2_Y3 ;AS01; LA1_EC2_CurveTemperatureConfig _Y3;BOOL;;;;;°C;0.0;Y-värde 3;;;;
 LA1_EC2_Y4 ;AS01; LA1_EC2_CurveTemperatureConfig _Y4;BOOL;;;;;°C;0.0;Y-värde 4;;;;
 LA1_EC2_Y5 ;AS01; LA1_EC2_CurveTemperatureConfig _Y5;BOOL;;;;;°C;0.0;Y-värde 5;;;;
 LA1_EC2_Y6 ;AS01; LA1_EC2_CurveTemperatureConfig _Y6;BOOL;;;;;°C;0.0;Y-värde 6;;;;
 LA1_EC2_Y7 ;AS01; LA1_EC2_CurveTemperatureConfig _Y7;BOOL;;;;;°C;0.0;Y-värde 7;;;;
 LA1_EC2_Y8 ;AS01; LA1_EC2_CurveTemperatureConfig _Y8;BOOL;;;;;°C;0.0;Y-värde 8;;;;
 LA1_EC2_Y9 ;AS01; LA1_EC2_CurveTemperatureConfig _Y9;BOOL;;;;;°C;0.0;Y-värde 9;;;;
 LA1_EC2_MIN ;AS01; LA1_EC2_CurveTemperatureConfig _MIN;BOOL;;;;;°C;0.0;Minbegränsning;;;;
 LA1_EC2_MAX ;AS01; LA1_EC2_CurveTemperatureConfig _MAX;BOOL;;;;;°C;0.0;Maxbegränsning;;;;
